I,I,I,I,I,I,I,I,I,I,I,I,I,I,I,None,None,I,None,None,I,None,None,I,None,I,I,I,None,I,I,I,I,I,I,I,I,I,I,I,I,I,I,I,I,I,I,I,I,I,I,I,I,I,I,I,I,I,I,I,I,I,I,I,I,I,I,I,I,I,I,I,I,I,I,I,I,I,I,I,I,I,I,I,I,I,I,I,I,I,I,I,I,I,I,I,I,I,I,I,I,I,I,I,I,I,I,I,I,I,I,I,I,None,I,I,None,None,None,I,I,None,I,I,I,I,I,I,I,None,None,I,I,I,I,I,I,I,I,I,None,I,I,I,I,I,I,I,I,I,I,I,I,I,None,I,I,I,I,I,I,I,I,I,I,I,I,I,I,I,I,I,I,I,I,I,I,I,I,I,I,I,I,I,I,I,I,I,I,I,I,I,I,I,I,I,I,I,I,I,I,I,I,I,I,I,I,I,I,I,I,I,I,I,I,I,I,I,I,I,I,I,I,I,I,I,I,I,I,I,I,I,I,I,I,None,I,I,I,I,I,I,I,I,I,I,I,I,I,I,I,I,I,I,I,I,I,I,I,I,I,I,I,I,I,I,I,I,I,I,I,I,I,I,None,None,None,None,I,I,I,I,I,I,I,I,I,I,I,I,I,I,I,I,I,I,I,I,I,I,I,I,I,I,I,I,I,I,I,I,I,I,I,I,I,I,I,I,I,I,I,I,I,I,I,I,I,I,I,I,I,I,I,I,I,I,I,I,I,I,I,I,I,I,I,I,None,I,None,I,I,I,I,I,I,I,I,I,I,I,I,I,I,None,None
None,I,I,I,I,I,I,I,I,I,I,I,I,I,I,I,I,I,I,I,I,I,I,I,I,I,I,I,I,I,None,I,I,I,I,I,I,I,I,I,I,I,I,I,I,None,None,I,I,None,I,I,None,None,I,I,I,I,I,I,I,I,I,I,I,I,I,I,I,I,I,I,I,I,I,I,I,I,I,I,I,I,I,I,I,I,I,I,I,I,None,I,I,I,I,I,I,I,I,I,I,I,I,I,I,I,I,I,I,I,I,I,None,I,I,I,I,I,I,I,I,I,I,I,I,I,I,I,I,I,I,I,I,I,I,I,I,I,I,I,I,I,I,I,I,None,I,I,I,I,I,I,I,I,I,None,None,I,I,I,I,I,I,I,I,I,I,I,I,I,None,I,I,I,I,None,I,I,I,I,I,I,I,I,I,I,I,I,I,I,I,I,I,I,I,I,I,I,I,I,I,I,I,I,I,I,I,I,I,I,I,I,I,I,I,I,I,I,I,I,I,I,I,I,I,I,I,I,I,I,I,I,I,I,I,I,I,I,I,I,I,I,I,I,I,I,I,I,I,I,I,I,I,I,I,I,I,I,I,I,I,I,I,None,I,None,I,I,I,I,I,I,I,I,I,I,I,I,None,I,I,I,I,I,I,I,I,I,I,None,None,I,I,I,I,I,I,I,I,I,I,I,I,None,I,I,I,I,I,I,I,I,I,I,I,I,I,I,I,None,None,I,None,I,I,I,I,I,I,I,I,I,I,I,I,I,I,I,I,I,I,None,I,I,I,None,None,None,I,I,I,I,I,I,I,I,I,I,I,I,I,None,I,I,I
I,I,I,None,None,I,I,I,None,I,None,I,I,I,None,I,I,I,I,I,I,I,I,I,I,I,I,I,I,I,I,I,I,I,None,None,None,I,None,I,I,I,I,I,None,I,I,I,I,I,I,I,I,I,I,I,I,I,I,I,None,I,I,I,I,None,None,None,I,I,I,I,I,I,I,I,I,None,I,I,I,I,I,I,I,I,I,I,I,I,I,I,I,I,I,I,None,None,I,I,I,I,I,I,I,I,I,I,I,I,I,I,I,I,I,I,I,I,None,I,I,I,I,I,I,I,I,I,I,I,None,I,None,I,I,I,I,I,I,I,I,I,I,I,I,I,I,I,I,I,I,I,I,I,I,I,I,I,I,I,I,I,I,I,I,I,I,I,I,I,I,I,I,I,I,I,I,I,I,I,I,I,I,I,I,I,I,I,I,I,I,I,I,I,I,I,I,I,I,I,I,I,I,I,I,I,I,I,I,I,I,I,I,I,I,I,I,I,I,I,I,I,I,I,I,I,I,I,I,I,I,I,I,I,I,I,None,I,I,I,I,I,I,I,I,I,I,I,I,I,I,I,I,I,I,I,I,I,I,I,I,I,None,I,I,I,I,I,I,I,I,I,I,I,I,I,I,I,I,I,I,I,I,I,I,I,I,I,I,I,I,I,I,I,I,I,I,I,I,I,I,I,I,I,I,None,I,I,I,I,I,I,I,I,I,I,I,I,I,I,None,I,I,I,I,None,I,I,I,I,I,I,I,I,I,I,I,I,I,I,I,I,I,I,I,I,I,I,I,I,I,I,I,I,I,I,I,I,I,I,None,I,None,I,I
I,I,I,I,I,I,I,I,I,I,I,I,I,I,I,I,I,I,I,I,I,I,I,I,I,I,I,I,None,I,I,None,None,I,I,I,I,I,I,I,I,None,None,None,I,None,None,None,None,None,None,I,I,None,I,I,I,I,I,I,I,I,I,I,I,I,I,I,I,I,I,I,None,I,I,I,I,I,I,None,None,I,None,I,I,I,I,I,I,None,I,I,None,None,I,I,I,I,I,I,I,I,I,I,I,I,I,None,I,I,I,I,I,I,I,I,None,None,I,I,I,I,I,I,I,I,I,I,I,I,I,I,None,I,I,I,I,I,I,I,I,I,I,I,None,None,I,I,I,I,None,I,I,I,I,I,I,I,I,I,I,I,I,I,I,I,I,I,I,I,I,I,I,I,I,I,I,I,I,I,I,I,I,I,I,I,I,I,I,I,I,I,I,I,I,I,I,I,I,I,I,I,I,I,I,I,None,None,I,I,I,I,I,I,I,I,I,I,I,None,I,I,I,I,I,I,I,I,I,I,I,I,I,I,I,I,I,I,I,I,I,I,I,I,I,I,I,I,I,I,I,I,I,I,None,I,I,I,I,I,I,None,I,I,I,I,I,I,I,I,I,I,I,I,I,I,I,I,I,I,I,I,I,I,I,I,I,I,None,None,None,None,None,I,I,I,I,I,I,I,I,None,None,None,None,I,I,I,I,I,I,I,I,I,I,I,I,I,I,I,I,I,I,I,I,None,None,I,I,I,I,I,I,I,I,I,I,None,I,I,I,I,I,I,I,I,I,I,None,None,I,I,I,I,I,I,I,I,None,I,None,None,None,None,None
I,I,I,I,I,None,None,I,I,I,I,None,None,I,I,None,I,I,I,I,I,I,I,I,I,I,I,I,None,None,None,I,I,I,I,I,None,None,I,I,I,I,I,None,None,None,I,I,I,None,I,I,I,I,I,None,None,I,I,I,I,I,I,I,I,I,I,I,I,I,None,None,I,None,None,None,None,I,I,I,None,I,None,None,None,I,None,I,I,I,I,None,I,I,I,I,I,I,I,I,I,I,I,I,I,None,I,I,I,I,I,I,I,I,I,I,None,I,I,I,I,I,I,I,I,None,I,I,I,I,I,I,I,I,I,I,I,None,I,I,None,None,None,None,None,None,I,None,None,None,I,I,I,I,None,None,I,I,I,I,I,I,I,I,I,I,I,I,I,I,I,I,I,I,I,I,I,I,I,I,I,I,I,I,I,I,I,I,I,I,I,I,I,I,I,I,I,None,I,I,I,I,I,I,I,I,I,I,I,None,I,I,I,I,I,I,I,I,I,I,I,I,I,I,I,I,I,I,I,I,I,I,I,I,I,I,I,I,I,I,I,I,I,I,I,I,I,I,I,I,I,I,I,I,I,I,I,I,I,I,I,I,None,I,I,I,I,I,I,None,I,I,I,I,I,I,I,I,I,I,I,I,I,I,I,I,I,I,I,I,I,I,I,I,I,I,I,I,I,I,I,I,I,I,I,I,I,None,None,None,I,I,I,I,I,I,I,I,I,I,None,I,I,I,I,I,I,I,I,I,I,I,I,I,I,I,I,I,I,I,I,I,I,None,None,None,None,I,I,I,I,I,I,I,I,I,None,I,I,None,I,I,I,I,I
I,I,I,I,I,I,I,I,I,I,I,I,I,None,None,I,I,None,None,None,I,I,I,I,I,I,I,I,None,I,I,None,None,None,None,I,I,I,I,None,None,None,None,I,None,I,I,I,None,None,I,I,I,I,I,I,I,None,None,None,None,None,None,I,I,I,None,I,I,I,None,None,I,I,I,I,I,I,I,I,I,I,I,None,I,None,I,I,I,I,I,I,I,I,None,I,I,I,I,I,None,None,None,I,I,I,I,I,I,I,None,I,None,None,None,None,I,None,None,None,None,None,None,I,I,I,I,I,I,I,I,I,I,None,None,None,None,I,None,I,I,I,I,I,I,I,I,I,I,I,I,I,I,I,I,I,I,I,None,None,I,None,I,I,I,I,I,I,None,None,I,I,I,I,None,I,I,I,I,I,None,I,None,I,I,I,I,I,I,I,I,I,I,I,I,I,I,I,I,I,I,I,I,None,I,I,I,I,I,I,I,I,I,I,I,I,I,None,None,I,None,I,I,I,I,None,I,I,I,None,I,I,I,I,I,I,I,I,None,None,I,I,I,I,I,I,I,I,I,None,I,None,I,I,I,I,I,I,I,I,I,I,I,I,I,I,I,I,I,I,I,I,I,I,I,I,I,I,I,I,I,I,I,I,I,None,None,None,I,I,I,I,I,I,I,I,I,I,I,I,I,I,I,I,None,I,I,I,I,I,I,I,I,I,I,I,I,I,I,I,I,I,I,I,I,I,I,I,I,I,I,I,I,I,I,I,I,I,I,I,I,I,I,I,I,I,I,None,None,None,I,None,None,None,None,None,I,I,I,I,I,I,I,I,I
I,None,None,I,None,None,I,I,I,I,I,I,I,I,I,None,I,I,I,I,None,None,None,I,I,I,I,I,I,None,None,None,I,None,None,I,I,None,None,I,None,I,I,I,I,I,I,I,I,I,None,I,I,I,I,I,I,I,I,I,I,I,I,I,I,I,I,I,None,I,I,I,I,I,I,I,I,I,None,I,None,I,None,None,None,None,None,None,I,I,I,None,I,I,None,I,I,I,I,I,None,None,None,None,I,I,I,I,I,I,I,None,None,I,I,I,I,I,I,None,I,None,I,I,None,I,I,None,I,None,I,I,I,I,I,I,I,I,I,I,I,I,I,I,I,I,I,I,I,I,None,I,I,I,I,I,I,I,I,I,I,I,I,I,I,I,I,I,I,I,I,I,I,None,None,None,I,I,I,I,I,I,I,I,I,I,I,I,I,I,I,I,I,I,I,I,I,I,None,I,I,I,I,I,I,I,I,I,I,I,I,I,I,I,I,I,I,I,I,I,I,I,I,I,I,I,I,I,I,I,I,I,I,I,I,I,I,I,I,I,I,I,I,I,I,I,I,None,I,I,I,I,None,None,None,I,I,I,I,I,I,None,None,I,I,I,None,None,None,I,I,I,I,I,I,None,I,I,I,None,I,I,I,I,I,I,I,I,I,I,I,I,I,I,I,I,I,None,I,I,I,I,I,I,I,I,I,I,I,I,I,None,None,I,I,I,I,I,I,I,I,I,I,I,I,I,I,None,I,I,None,None,I,I,I,I,I,I,I,None,I,I,I,I,I,I,I,I,I,I,I,I,I,I,I,I,None,None,I,I,I,I,I,I,I
None,None,None,None,I,None,None,None,None,None,None,None,I,I,I,I,I,I,I,I,I,I,None,None,I,I,I,I,I,None,I,None,None,None,None,I,I,I,I,I,I,I,I,None,None,I,I,I,I,I,I,I,None,None,I,None,None,I,I,I,I,I,I,I,I,I,I,I,I,I,I,I,I,I,I,None,I,None,None,None,None,None,None,None,None,None,I,I,I,None,None,I,I,None,None,I,I,I,I,I,I,I,I,I,I,None,I,I,I,I,I,None,I,None,I,None,None,I,I,I,I,I,I,I,I,I,I,I,I,I,I,I,I,I,I,None,I,I,I,None,I,None,I,I,I,I,I,I,I,I,I,I,I,I,None,I,None,None,I,None,I,I,I,I,I,None,I,None,I,I,I,I,I,I,I,I,I,I,I,I,I,I,None,I,I,I,I,I,I,I,I,I,I,I,I,I,I,I,None,I,I,I,I,I,I,I,I,I,None,I,I,I,I,I,I,I,I,I,I,I,I,I,I,I,I,I,I,I,I,I,I,I,I,None,None,None,I,I,I,I,I,I,I,I,I,None,I,I,I,I,I,I,I,None,I,I,I,I,I,None,I,I,I,I,I,I,I,I,I,I,I,I,I,I,I,I,I,I,I,I,I,I,I,I,I,I,I,I,I,I,I,I,I,I,None,I,I,None,None,None,I,I,I,I,I,I,I,I,I,I,I,I,I,I,I,I,I,I,I,I,None,None,I,I,I,I,I,I,I,I,I,I,I,I,I,I,I,I,I,I,I,I,I,I,I,None,I,I,I,None,None,I,None,I,I,I,None,None,None,I,None,I,None,I,None
I,I,I,None,None,I,I,I,I,None,I,I,I,None,I,I,I,I,I,None,I,None,I,None,I,None,I,None,I,I,I,I,I,I,I,I,None,I,I,I,I,None,None,I,None,None,None,None,None,None,None,None,None,None,None,None,I,I,None,None,None,I,None,None,I,I,I,I,I,I,None,None,None,None,None,I,I,I,I,I,I,I,None,I,I,I,I,None,I,None,None,None,I,I,None,I,I,I,I,None,None,None,None,I,I,I,I,None,I,I,I,I,I,I,None,None,I,I,None,None,None,None,None,I,I,I,I,I,I,I,I,I,I,I,I,I,I,None,I,I,I,I,I,I,I,I,I,I,I,I,I,I,I,I,None,None,None,None,I,None,I,I,I,I,None,None,I,I,I,I,I,I,I,I,I,I,I,I,I,I,None,None,I,I,I,I,I,I,I,I,I,I,I,I,I,I,I,I,I,I,I,I,I,I,I,I,None,I,I,I,I,I,I,None,None,None,None,None,None,None,None,None,None,None,None,None,None,None,None,None,None,None,None,None,None,None,None,None,None,None,None,None,None,I,I,I,I,I,I,I,None,I,None,I,I,I,I,I,I,I,I,I,I,I,I,I,I,I,I,I,I,I,I,I,I,I,I,I,I,I,I,I,I,I,None,I,I,I,I,I,I,None,None,None,None,None,None,I,I,None,None,I,I,I,I,I,I,I,I,I,I,I,I,I,I,None,I,I,I,I,None,I,I,I,I,I,I,I,I,I,I,I,None,I,I,I,None,None,I,I,I,I,None,None,None,None,I,I,I,None,I,I,I,I,I,I,None,I,None,None,I,I,None,None,None
None,None,I,I,I,I,I,I,I,I,I,I,I,I,I,I,I,I,I,I,I,None,I,I,None,I,I,I,I,I,I,I,I,I,I,I,I,I,I,I,I,I,I,I,None,I,I,I,I,I,I,None,None,I,I,I,I,None,I,I,I,I,I,I,I,I,I,I,I,None,I,I,None,None,I,I,I,I,I,I,I,I,None,I,I,I,I,I,I,I,I,I,I,None,I,None,I,I,I,None,None,None,None,None,I,I,None,I,I,I,None,None,None,I,I,I,I,None,I,I,I,I,I,I,I,I,None,I,I,I,I,I,I,I,I,I,I,I,I,I,I,None,None,None,I,I,I,I,I,I,I,I,I,I,I,I,None,None,I,None,None,None,I,I,I,None,None,I,I,I,I,I,I,I,I,None,I,I,I,I,I,I,I,I,I,I,I,I,I,I,I,I,I,I,I,I,I,None,I,I,I,I,I,I,I,I,I,I,I,I,I,I,I,I,I,I,I,I,I,I,None,None,I,I,I,I,I,I,I,I,I,I,I,I,I,I,I,I,I,I,I,I,None,None,I,I,I,I,I,I,I,I,I,I,I,I,I,I,I,I,I,I,I,I,I,I,I,I,I,I,I,I,I,I,I,I,I,I,I,I,None,I,I,I,I,I,I,I,I,I,I,I,I,I,I,I,I,I,I,I,None,None,I,I,I,I,I,None,I,I,I,I,I,I,I,I,I,I,None,I,I,I,None,I,I,I,I,I,I,I,I,I,I,I,I,I,I,None,I,I,I,I,I,I,I,I,I,I,I,I,I,None,I,I,I,I,I,None,None,I,I,I,I,I,I
I,I,I,I,I,I,I,I,I,I,I,I,I,I,I,None,None,I,I,I,None,None,None,None,I,None,None,I,I,None,None,I,I,I,I,I,I,I,None,I,I,I,I,I,I,I,I,I,I,I,I,None,None,None,None,I,I,I,I,I,I,None,None,None,None,None,I,None,None,None,I,I,I,None,I,None,None,I,I,None,None,I,I,I,I,I,I,None,I,I,I,I,I,I,None,None,None,None,I,I,None,None,None,None,None,None,I,I,I,None,I,I,I,I,I,I,I,I,I,I,I,I,I,I,I,I,None,I,I,I,I,I,I,I,I,I,I,I,I,I,I,I,I,None,None,None,None,None,None,None,I,I,None,I,None,I,I,I,None,None,I,None,I,None,I,I,I,I,I,I,I,I,I,I,I,I,I,I,I,I,I,I,I,I,I,I,I,I,I,I,I,I,I,I,I,I,I,I,I,I,I,I,I,I,I,I,I,I,I,I,I,I,I,I,I,I,I,I,I,I,I,I,I,I,I,I,I,I,I,I,I,I,I,I,I,I,I,I,I,I,I,I,I,I,I,I,I,I,I,I,I,I,I,I,I,I,I,I,I,I,I,I,I,I,I,I,I,I,None,I,I,I,I,I,I,I,I,I,I,I,I,I,None,I,I,I,I,I,I,I,None,None,None,I,I,I,I,I,I,I,I,None,None,I,I,I,I,I,I,I,I,I,I,I,I,I,I,I,I,I,I,None,None,I,None,I,I,I,I,I,I,I,I,I,I,I,I,I,None,None,I,I,I,None,None,None,I,I,I,I,I,None,None,None,None,None,I,I,None,I,I,None,None,None,None
I,None,None,None,I,None,I,I,I,I,I,I,I,I,I,I,I,I,I,I,I,I,I,None,I,None,None,I,I,I,I,I,I,None,None,I,I,I,None,None,I,I,I,I,I,None,I,None,I,I,None,None,None,None,None,None,None,None,I,None,None,None,I,None,I,I,I,I,I,I,None,None,None,I,I,I,I,I,I,I,I,I,I,I,I,I,I,I,I,I,I,I,I,I,I,I,I,None,I,I,I,I,I,I,I,I,I,I,I,I,I,I,I,I,I,I,None,None,I,None,None,None,None,I,I,I,I,None,None,None,I,I,I,None,None,I,I,I,I,I,None,None,None,I,I,None,I,I,I,None,None,None,None,None,I,I,I,None,None,I,I,I,I,None,I,I,I,I,I,I,I,I,I,None,I,None,I,I,I,I,I,I,I,None,I,I,I,I,None,I,I,None,I,I,I,I,I,I,I,I,I,I,I,I,I,I,I,None,I,I,I,I,I,I,I,I,I,I,I,I,I,I,I,I,I,I,I,I,I,I,I,I,I,I,I,I,I,I,I,I,I,I,I,None,None,I,I,I,I,I,I,I,None,I,I,None,None,None,I,None,I,I,I,I,I,I,I,I,I,I,I,None,None,I,I,I,I,I,I,I,I,I,I,I,I,I,I,I,I,I,I,I,I,I,I,None,None,I,I,I,I,I,None,None,None,I,I,I,None,None,I,I,I,None,None,None,None,None,None,I,I,I,I,I,I,I,I,I,I,I,I,I,I,I,None,None,None,I,I,I,I,I,I,I,I,I,I,I,I,I,I,I,I,I,I,None,None,None,None,I,I,None,None,I,I
I,I,I,I,I,I,I,I,I,None,None,I,I,I,I,I,I,I,None,None,I,I,I,I,I,None,I,I,I,I,None,None,None,None,I,I,I,I,I,I,I,I,I,I,I,None,I,I,I,None,None,I,I,I,None,None,I,None,None,None,None,None,None,None,I,I,I,I,I,I,I,None,None,None,I,None,I,I,I,None,None,None,I,I,None,None,I,I,I,I,I,None,I,I,I,I,I,I,None,I,I,I,I,I,I,I,I,I,I,I,I,None,I,I,I,None,I,I,I,I,None,I,I,I,I,I,I,None,I,I,I,None,I,I,I,I,I,I,I,I,I,I,I,I,I,I,I,I,I,I,None,I,I,None,None,I,I,I,I,I,I,I,I,I,I,I,I,I,I,I,I,I,I,I,I,I,I,None,I,I,I,I,I,I,I,I,I,I,None,I,I,I,I,I,I,I,I,I,I,I,I,I,I,I,I,I,I,I,I,I,I,None,None,I,None,I,I,I,I,I,I,I,None,None,I,I,I,I,None,None,None,I,I,I,I,I,I,I,I,I,None,I,I,I,None,None,I,I,I,I,I,I,I,I,I,I,I,I,I,I,I,I,I,None,I,I,I,I,I,I,I,I,I,I,I,I,I,I,None,I,I,I,I,I,I,I,None,I,I,I,I,I,I,I,None,I,I,I,I,I,I,None,None,I,I,I,I,I,I,None,None,I,I,I,I,I,I,I,I,None,I,I,I,I,I,I,I,I,I,I,I,I,None,I,I,I,I,I,None,I,I,I,I,I,None,I,I,I,I,I,I,I,I,I,None,None,None,I,None,I,I,I,I,I,I
I,I,None,I,None,I,I,I,I,I,I,I,I,I,I,I,I,I,I,I,I,I,I,I,I,I,I,I,I,I,I,I,I,None,None,I,I,I,I,I,I,None,I,I,I,I,None,I,I,I,I,I,I,I,I,I,I,I,I,I,I,I,I,I,I,I,I,I,I,None,I,None,I,I,I,I,None,None,None,None,I,I,I,I,I,I,None,None,None,None,I,None,I,I,I,I,None,I,I,I,I,I,I,I,I,I,I,I,I,I,I,I,I,I,I,I,I,I,I,I,I,None,I,I,I,I,I,I,I,I,I,I,None,I,I,I,I,None,None,I,I,I,I,I,I,I,I,I,I,I,I,I,I,I,I,I,I,I,I,I,I,I,I,I,I,I,I,I,I,I,None,None,I,I,I,I,I,I,I,I,I,I,I,I,I,None,I,I,I,I,I,I,I,I,I,I,I,I,I,None,I,I,I,None,None,I,I,I,I,I,I,I,I,I,I,I,I,I,I,I,I,I,I,I,I,I,I,I,I,I,I,None,I,I,I,I,I,I,I,I,I,I,I,I,I,I,I,I,I,I,I,I,I,I,I,I,I,I,I,I,I,I,I,I,I,I,I,I,I,I,I,None,None,None,I,I,None,I,I,I,I,I,I,I,I,I,I,I,None,I,I,I,I,I,I,I,I,I,I,None,None,None,I,I,I,I,I,I,I,I,I,None,I,I,None,None,None,None,I,I,I,I,I,None,None,I,None,I,I,I,I,I,I,I,I,I,I,I,I,None,None,I,I,I,I,I,I,I,I,I,I,I,I,I,I,I,None,None,None,None,None,I,I,I,I
I,I,I,I,I,I,I,I,I,I,I,I,I,I,I,I,I,I,I,I,I,I,I,I,I,I,I,None,I,I,I,I,I,I,I,I,I,I,I,None,None,I,I,I,I,I,I,None,I,I,I,I,I,I,I,I,I,None,I,I,None,I,None,I,I,I,I,I,I,I,I,I,I,I,I,I,None,None,None,None,I,None,I,I,I,I,None,I,I,I,I,I,None,I,I,I,I,I,I,I,I,I,I,I,I,I,I,I,None,None,I,None,I,I,I,None,I,I,None,I,I,I,I,I,I,I,I,I,I,None,I,I,I,None,None,I,I,I,I,I,I,I,I,I,I,I,None,I,I,I,I,I,I,None,I,I,I,I,I,I,I,I,I,I,I,I,I,I,I,I,None,I,I,I,I,None,I,None,I,I,I,I,I,I,I,I,I,I,I,I,I,I,I,I,I,I,I,I,I,I,I,I,I,I,I,I,I,I,I,I,I,I,I,I,I,I,I,I,I,None,I,I,I,I,I,I,I,I,I,I,I,I,I,I,I,I,I,I,I,I,I,I,I,I,I,I,I,I,I,I,I,None,I,I,I,I,I,I,I,None,None,I,I,None,I,I,I,I,I,I,I,I,I,I,I,I,I,I,I,I,I,I,I,None,None,None,I,I,I,None,I,I,I,None,I,I,I,I,I,I,I,I,I,I,I,I,I,I,I,I,I,I,I,I,I,I,I,I,I,I,I,I,I,I,I,None,I,I,I,I,I,I,I,I,None,None,I,None,None,None,I,I,I,I,I,I,I,I,I,I,I,I,I,I,None,I,I,I,I,I,I,I,None,I,I
I,I,I,I,I,I,I,I,I,I,I,I,I,I,I,I,I,I,I,I,I,I,I,I,None,None,I,I,I,I,I,I,None,I,I,None,None,I,I,I,I,I,I,I,I,I,I,I,I,I,I,I,I,I,I,I,I,I,None,I,I,I,I,I,I,I,I,I,I,I,I,I,None,None,I,None,I,None,None,I,I,I,None,None,I,I,I,I,I,I,I,None,None,None,I,None,I,I,I,None,None,I,I,I,I,I,I,I,I,I,None,None,I,I,I,I,I,I,None,I,I,I,I,I,I,I,I,I,I,I,I,I,I,I,I,I,I,I,None,I,I,I,I,I,I,I,None,I,I,I,None,None,None,I,I,I,I,I,I,I,I,I,I,I,I,I,I,I,I,I,I,I,None,I,I,I,I,I,I,I,I,I,I,I,I,I,I,I,I,I,I,I,I,I,I,I,I,I,I,I,I,I,I,I,I,I,I,I,I,I,I,I,I,I,I,I,I,I,I,I,I,I,I,I,I,I,I,I,I,I,I,I,I,I,I,I,I,I,I,I,I,I,I,I,I,I,I,I,I,I,I,I,I,I,I,I,I,I,I,I,I,I,I,I,I,I,I,None,I,I,I,I,I,I,I,I,I,I,I,I,I,I,I,I,I,I,I,I,I,None,None,I,I,I,I,I,I,I,I,I,I,None,None,I,I,I,I,I,I,I,I,I,I,I,I,I,I,I,I,I,I,I,I,I,I,I,I,I,I,I,I,I,I,I,I,I,I,None,I,I,I,I,I,I,I,I,I,None,I,I,None,I,I,I,I,None,None,I,I,I,None,I,I,I,I
I,I,I,I,I,I,I,I,None,None,None,None,None,None,I,I,I,I,None,None,None,None,None,None,I,I,I,I,I,I,I,I,I,None,I,None,I,None,I,I,I,I,None,I,I,I,I,I,I,I,I,I,I,I,None,None,I,None,None,I,I,I,I,None,I,None,I,I,I,None,I,I,I,I,I,I,I,None,None,I,I,None,I,None,I,I,None,None,I,None,I,None,I,I,I,I,I,I,I,I,I,I,I,None,None,I,None,I,I,I,I,I,I,I,I,I,I,I,I,I,I,I,None,I,I,I,I,I,I,I,I,I,None,None,None,None,None,None,None,None,I,I,I,I,I,I,I,I,I,I,I,I,I,I,I,I,I,I,I,I,I,I,I,I,I,I,I,I,I,I,I,I,I,I,I,I,None,I,None,I,I,I,I,I,I,I,I,I,I,I,I,I,I,I,I,I,I,I,I,I,I,I,I,I,I,I,None,I,I,I,I,I,I,I,I,I,I,I,I,I,I,I,I,I,I,I,I,I,I,I,I,I,I,I,I,I,I,I,I,I,I,I,I,I,I,I,I,I,I,I,I,I,I,I,I,I,I,I,I,I,I,I,I,I,I,I,I,I,I,I,I,I,I,I,I,I,I,I,I,I,None,I,I,I,I,I,I,I,I,None,None,None,I,I,I,I,I,I,I,I,I,I,I,I,I,I,I,I,I,I,I,I,None,None,I,I,I,I,I,I,I,I,I,I,I,I,I,I,I,I,I,I,I,I,I,I,I,I,I,I,I,None,I,None,I,I,I,I,None,None,I,None,None,I,I,I,I,I,I,I,I,I,I,I,I
I,I,None,I,I,I,I,I,None,I,None,None,I,None,None,I,I,I,I,I,I,I,I,I,I,I,I,None,None,I,I,I,I,I,I,I,None,None,I,I,None,None,I,I,I,I,I,I,I,I,None,I,I,I,I,I,I,I,I,I,None,I,I,I,None,I,I,I,I,I,I,I,I,I,I,I,I,I,I,I,I,I,I,None,I,I,I,I,I,I,I,I,I,I,None,I,I,None,None,I,I,I,I,I,I,I,I,I,I,I,None,None,I,I,I,I,I,None,None,I,I,I,None,I,I,I,I,I,I,I,I,I,I,None,I,None,None,I,I,I,I,None,None,I,I,I,I,I,I,I,I,I,None,I,I,I,None,I,I,I,I,I,I,I,I,I,I,I,I,I,I,I,I,I,None,I,I,I,I,I,I,I,I,I,I,I,I,I,I,I,I,I,I,I,I,I,I,I,I,I,I,I,I,I,I,I,I,I,I,I,I,I,I,I,I,I,I,I,I,I,I,I,I,I,I,I,I,I,I,I,I,I,I,I,I,I,I,I,I,I,I,I,I,I,I,None,I,I,I,None,I,I,I,I,I,I,I,None,I,I,I,I,I,I,I,I,I,I,I,I,I,I,I,I,I,I,I,I,I,I,I,I,I,I,I,I,I,I,I,I,I,I,I,None,I,None,I,I,I,None,I,I,I,I,I,I,I,I,I,I,I,I,I,I,I,I,None,None,None,I,I,None,None,None,I,I,I,I,I,I,I,I,I,I,None,I,I,None,I,I,I,I,I,I,I,I,I,I,I,I,I,I,I,I,I,I,I,I,I,I,I,I,I,I,I
I,I,I,I,None,I,I,I,I,None,None,None,I,I,I,None,I,None,None,I,I,I,I,I,I,I,I,None,None,None,I,I,I,I,I,I,I,I,I,I,I,None,I,I,I,None,I,I,I,I,I,I,I,None,I,None,None,None,None,None,None,I,I,I,None,I,I,I,I,I,I,I,I,I,I,I,I,I,I,I,I,I,I,I,I,I,I,I,None,None,I,I,I,None,None,I,I,I,I,I,I,I,I,I,None,None,I,None,None,None,I,I,None,None,None,None,I,I,None,None,I,I,I,I,I,I,I,I,I,I,None,I,I,None,I,I,I,I,I,I,None,I,I,I,I,I,I,I,I,I,I,I,I,I,None,I,I,I,I,I,I,I,None,None,I,I,None,I,I,I,None,None,I,I,None,None,I,I,I,I,I,None,I,I,I,I,I,I,I,I,None,I,I,I,I,I,None,None,None,I,I,I,I,I,I,I,I,I,None,I,I,I,None,I,I,I,I,I,I,I,I,None,I,I,I,I,I,I,I,I,I,I,I,I,I,I,I,I,I,None,None,None,None,I,I,I,I,I,I,I,I,I,I,I,I,I,I,I,I,I,I,I,I,I,I,I,None,None,None,I,None,I,I,I,I,I,I,I,I,I,I,I,I,I,I,I,I,I,I,I,I,I,I,I,I,I,I,None,None,I,I,I,None,None,I,I,I,I,I,I,I,I,I,I,I,I,None,I,I,I,I,I,I,None,None,I,None,None,I,I,I,I,I,I,I,None,I,None,None,I,I,I,I,I,I,None,None,I,I,I,I,I,None,I,I,I,I,I,I,I,I,None,None,None,None
I,I,I,I,I,I,None,None,I,I,I,None,None,I,I,None,None,None,None,I,I,I,I,I,None,None,I,I,I,I,I,I,I,I,I,I,I,I,I,I,None,I,None,I,I,I,I,None,None,I,I,I,I,I,None,I,I,I,I,None,None,I,None,I,I,None,None,None,None,None,I,None,I,None,None,I,I,None,I,I,I,I,I,I,I,I,I,I,I,I,I,I,I,I,I,None,None,None,I,None,None,I,None,I,I,I,I,I,None,None,None,I,I,None,None,None,None,None,None,I,I,I,I,I,I,I,I,I,I,I,I,I,I,I,None,I,I,I,I,I,I,I,I,I,I,None,I,I,I,I,None,I,I,I,I,I,None,I,I,I,I,I,I,I,I,I,I,I,I,I,I,I,I,I,I,I,I,I,I,I,I,I,I,I,I,I,I,I,I,I,I,I,I,I,I,I,I,I,I,I,I,I,I,I,I,I,I,I,I,None,I,I,I,I,I,I,I,I,I,I,I,I,I,I,I,I,I,I,I,I,I,I,I,I,I,I,I,I,I,I,I,I,I,I,I,I,I,I,I,I,I,I,I,I,I,I,I,I,I,I,I,None,None,I,I,I,I,I,None,I,I,I,I,I,I,I,I,I,I,I,I,I,I,I,I,I,I,I,I,I,I,I,I,I,I,I,I,I,I,I,I,I,I,None,None,I,I,I,I,None,None,None,I,I,I,I,I,None,None,None,I,I,I,I,I,None,None,I,I,I,I,I,I,None,I,None,I,I,I,None,I,None,I,I,I,I,I,I,I,I,None,None,I,None,None,I,I,I,I,I,I,None,I,I,None
I,I,I,I,I,None,None,None,I,I,I,I,None,None,None,I,I,I,I,None,None,I,I,I,I,I,I,I,I,I,I,I,I,I,I,I,I,I,I,I,I,I,I,I,I,I,I,I,I,I,I,I,I,None,None,I,I,I,I,None,None,I,I,I,I,I,I,I,None,I,I,I,I,I,I,None,I,I,None,I,I,I,I,I,I,I,I,None,I,I,I,None,None,I,None,None,None,I,I,I,I,I,I,I,I,I,I,I,I,None,None,None,None,I,I,None,None,None,I,None,I,I,I,I,I,I,I,I,I,I,I,I,I,I,None,None,I,I,I,I,I,I,I,I,I,I,None,None,I,I,I,None,I,I,I,I,None,None,I,I,I,I,I,I,I,I,None,None,None,None,I,I,I,I,I,I,I,I,I,I,I,I,I,I,I,I,I,I,I,I,I,I,I,I,I,I,I,I,I,I,I,I,I,I,I,I,I,I,I,I,None,None,I,None,None,I,I,I,I,I,I,I,I,None,I,I,I,I,I,I,I,I,I,I,I,I,I,I,I,I,I,I,I,I,I,I,None,I,I,I,I,I,I,I,I,I,I,I,I,I,I,I,I,I,I,I,I,I,I,I,I,I,I,I,I,I,I,I,I,I,I,I,I,I,I,I,I,I,I,I,I,I,I,I,None,None,I,I,I,I,I,I,I,I,I,None,None,I,None,I,I,I,I,I,I,I,I,None,None,I,I,I,I,None,I,I,I,I,I,I,I,I,I,I,I,I,I,None,I,I,I,I,I,I,I,I,I,I,I,I,I,I,I,I,I,I,I,I,I,I,I,I,I,I,I
I,I,I,I,I,I,I,I,I,I,I,None,None,I,I,I,I,None,None,None,I,I,I,None,None,I,I,I,I,I,I,I,I,I,I,I,I,I,I,I,I,I,I,None,None,I,I,I,None,I,I,I,I,I,I,I,I,None,I,I,I,None,I,I,I,I,None,I,None,I,I,I,I,I,I,None,None,I,None,None,None,None,None,None,I,I,I,I,None,I,I,I,I,I,I,I,I,I,I,I,None,I,I,None,None,I,I,I,None,None,None,None,None,None,None,I,I,None,I,None,None,I,I,I,I,I,None,None,None,I,I,I,I,None,None,I,I,I,I,I,I,I,I,I,I,I,I,None,None,I,I,I,I,None,None,I,I,I,I,I,I,I,I,I,I,I,None,None,I,I,I,I,None,I,I,I,None,I,I,I,I,I,I,I,I,I,I,I,I,I,I,I,I,None,I,I,I,I,I,I,I,I,I,I,None,None,I,I,I,I,I,I,I,I,None,I,I,None,I,I,I,I,I,None,I,I,I,I,I,I,I,I,I,I,I,None,I,None,I,I,I,I,None,I,I,I,I,I,I,I,I,I,I,I,I,I,I,I,I,I,I,I,I,I,I,I,I,I,I,I,I,I,I,I,None,I,I,I,None,I,I,I,I,I,I,I,I,I,I,I,I,I,I,I,I,I,I,I,I,I,I,I,I,I,I,I,I,I,I,I,I,I,I,I,None,None,I,I,I,None,I,I,I,I,I,I,I,I,I,I,I,I,None,I,I,I,None,None,I,I,I,I,I,None,I,I,I,I,None,I,I,I,I,I,I,I,I,I,I,I,I,I,I,I,I
I,None,I,I,I,None,None,I,I,None,I,I,I,I,None,None,None,None,None,I,I,I,I,I,I,I,I,I,I,I,None,I,I,I,I,I,I,I,I,I,I,I,I,I,I,I,None,None,None,I,I,I,I,I,I,I,None,None,None,I,I,I,I,I,I,I,I,I,None,None,I,I,I,I,I,I,I,I,None,I,I,I,I,I,I,I,I,I,None,I,I,I,I,None,I,I,I,I,I,I,I,I,I,I,I,I,I,None,I,I,I,None,I,I,I,None,I,I,I,I,None,None,I,I,None,None,None,None,I,I,I,I,I,I,I,I,I,I,I,I,None,None,I,I,None,I,I,I,I,None,I,I,I,I,I,I,I,I,I,I,None,None,I,None,I,I,I,I,I,I,I,I,I,I,I,I,None,I,I,None,None,None,None,None,None,I,I,I,I,I,I,I,I,I,I,I,I,I,I,I,I,I,I,I,I,I,I,I,I,I,I,I,I,I,I,None,I,I,I,I,I,I,None,I,I,I,I,I,I,I,I,I,I,I,I,I,I,I,I,I,I,I,I,I,I,I,I,I,I,I,I,I,I,I,I,I,I,I,I,I,I,I,I,I,I,None,None,I,I,I,None,I,I,I,I,I,None,I,I,I,I,I,I,I,I,I,None,None,None,I,I,None,I,I,I,I,I,I,None,I,I,I,I,I,I,I,I,I,I,I,I,I,I,I,None,None,None,None,I,I,None,I,I,I,None,None,I,I,I,I,I,I,I,I,None,None,I,None,I,None,None,I,I,I,I,I,I,I,I,I,None,I,I,I,I,I,None,I,None,I,None,I,I,I,I
I,I,I,I,I,I,I,I,I,I,I,I,I,I,I,I,I,I,I,None,None,I,None,I,None,None,None,None,I,I,None,I,I,I,I,None,None,I,I,I,I,I,I,I,I,I,None,I,I,I,I,I,I,None,None,I,None,I,I,I,I,I,I,None,I,I,I,I,I,I,I,I,I,I,I,I,I,I,I,I,I,I,I,I,I,I,I,I,I,I,None,None,I,I,I,I,I,I,I,None,None,None,None,None,I,I,None,I,I,I,I,None,I,None,I,None,None,I,I,None,I,I,I,I,I,I,I,I,None,None,I,I,I,I,I,I,I,I,I,I,I,I,None,None,None,I,None,None,I,I,I,I,I,I,I,I,I,I,I,I,I,I,I,I,I,I,I,I,I,I,I,I,I,I,None,I,I,I,I,I,I,I,I,I,I,I,I,I,I,I,I,I,None,None,I,I,I,I,I,I,I,I,I,I,I,None,I,I,I,I,I,I,I,None,I,I,I,I,I,I,I,I,I,I,I,I,I,I,None,I,I,I,I,I,I,I,I,I,I,I,I,None,None,I,I,I,I,I,I,I,I,I,I,I,I,I,I,I,I,I,I,I,I,I,I,I,I,I,I,I,I,I,I,I,I,I,None,I,I,None,I,I,I,I,I,I,I,I,I,I,I,None,I,I,I,I,None,I,I,I,I,None,I,I,I,I,I,I,I,I,I,I,I,I,I,I,I,I,I,I,I,I,I,I,I,I,I,I,I,I,I,I,I,I,I,I,I,I,None,None,I,I,I,I,I,I,I,I,I,I,I,I,I,I,I,I,I,I,I,I,I,I,I,I,I
I,I,I,I,None,I,None,None,I,None,I,None,None,I,I,I,I,I,I,None,I,I,None,None,None,None,None,None,None,None,I,I,I,I,I,I,I,I,None,None,I,I,I,I,I,None,None,None,I,I,None,I,I,None,I,I,I,None,None,None,I,I,I,I,I,I,I,None,None,I,I,I,I,I,None,I,I,I,I,I,I,I,I,I,I,I,I,I,I,I,I,I,I,I,I,I,I,I,I,None,I,I,I,I,I,I,I,None,I,None,None,None,None,I,I,I,I,I,I,None,I,I,I,I,I,I,None,I,I,None,None,None,I,None,None,I,I,None,None,I,None,I,None,None,I,I,I,None,I,I,I,I,I,I,I,I,I,I,None,I,None,I,I,I,I,I,I,I,I,I,I,I,I,I,I,I,I,I,I,I,I,I,None,I,I,I,I,I,I,I,I,I,I,I,I,I,I,I,I,I,I,I,I,I,I,I,None,I,I,I,I,I,I,I,I,I,I,I,I,I,I,I,I,I,I,I,I,I,I,I,I,I,I,I,I,I,I,I,I,I,I,I,I,I,I,I,I,I,I,None,I,I,I,I,I,I,None,I,I,I,I,I,I,I,I,I,I,I,I,I,I,I,I,I,I,I,I,I,I,I,I,I,I,None,I,None,None,I,I,I,I,I,None,None,I,I,I,I,I,None,None,I,None,None,None,None,None,None,None,I,I,I,I,I,I,I,I,I,I,I,I,I,I,I,I,I,I,I,I,I,I,I,I,I,I,I,I,I,None,None,I,I,I,I,I,I,I,I,None,None,None,None,I,I,I,I,I,I,I,I,I,I,I,I,I
I,I,I,I,I,I,I,I,I,I,I,I,I,I,I,I,I,I,I,I,I,I,I,I,None,None,I,I,I,None,I,I,I,None,None,None,I,I,None,None,I,I,None,None,I,I,I,I,I,None,None,I,I,I,I,None,I,I,I,None,I,I,I,I,None,None,I,I,I,None,None,None,None,None,None,None,I,I,None,None,None,None,I,I,I,None,None,I,I,None,None,None,None,None,I,None,None,I,I,I,I,I,I,I,I,I,None,I,I,I,I,I,I,I,I,I,I,I,I,I,None,I,I,I,I,I,None,I,I,I,None,None,I,I,I,I,I,I,I,I,I,I,I,I,I,I,I,I,I,I,I,I,I,I,I,I,I,I,I,I,I,I,I,I,I,I,I,I,I,I,I,I,I,I,I,I,I,I,I,I,I,I,I,I,I,I,I,I,I,I,I,I,I,I,I,I,I,I,I,I,I,I,I,I,I,I,I,I,I,I,I,I,I,I,I,I,I,I,I,I,I,I,I,I,None,I,None,None,I,None,None,I,I,I,I,I,I,I,I,I,I,I,I,I,I,I,I,None,None,I,I,I,I,I,I,I,I,I,I,I,I,I,I,I,I,None,None,I,I,I,I,I,I,I,I,I,I,I,I,I,I,I,I,I,I,I,I,I,I,I,I,I,I,I,I,None,None,None,I,I,I,I,I,I,I,I,I,I,I,I,I,I,I,None,None,I,I,I,I,None,I,I,I,I,I,I,I,I,I,I,I,I,I,I,I,I,I,I,I,I,I,I,I,I,I,I,I,I,I,I,I,I,I,I,I,I,I,I,I,I,I,None,I,I,I
I,I,I,I,I,None,I,I,I,I,I,I,I,I,I,I,I,I,I,I,I,I,I,I,I,I,I,I,I,I,I,I,I,I,I,I,I,None,None,None,I,None,None,I,I,None,None,None,I,I,I,None,None,I,I,I,I,I,I,I,I,I,I,I,I,I,I,I,I,I,I,I,I,I,I,I,I,I,I,I,I,I,I,I,I,I,I,I,I,I,I,I,I,I,I,None,I,I,I,I,I,I,I,I,I,I,I,I,I,I,I,I,I,None,I,None,I,I,I,I,None,I,I,I,I,I,I,I,None,I,I,None,I,I,I,I,I,I,None,I,I,I,I,I,None,I,I,I,I,I,None,I,I,I,I,I,None,None,I,I,I,I,I,I,I,I,I,I,I,I,I,I,I,I,I,I,I,I,None,I,I,I,I,I,I,I,I,I,I,I,I,I,I,I,I,I,I,I,I,I,I,None,I,I,I,I,I,I,I,I,I,I,I,I,I,I,I,I,I,I,I,I,I,I,I,I,I,I,I,I,I,I,I,I,None,I,I,None,None,I,I,I,I,I,I,I,I,I,I,I,I,I,I,None,I,I,None,I,I,None,I,None,I,I,None,I,I,I,I,None,None,I,I,None,I,I,I,I,I,I,I,I,I,I,I,I,I,I,I,I,I,I,I,I,I,I,I,I,None,None,None,I,I,None,I,None,I,I,I,I,I,I,I,I,I,I,I,I,I,I,I,I,I,I,I,I,I,I,I,I,I,I,I,I,I,I,I,I,I,I,I,None,None,None,I,I,I,I,I,I,I,I,I,I,None,I,I,None,None,I,I,I,I,I,I
I,I,I,I,I,I,I,I,I,None,None,None,I,None,None,None,I,I,I,I,I,I,I,I,None,None,I,I,I,I,I,None,None,None,None,I,I,I,None,None,None,I,I,I,I,I,I,I,I,I,I,I,I,I,I,I,I,I,None,None,I,I,I,I,I,I,I,None,I,I,I,None,I,I,I,I,I,I,I,I,I,I,None,None,None,None,None,I,I,I,I,I,I,I,I,I,I,I,I,I,I,I,I,I,I,I,I,I,I,I,I,None,None,I,I,I,None,None,I,I,I,I,None,None,I,I,I,I,I,I,I,I,I,I,None,I,I,I,I,I,I,I,I,I,I,I,I,I,I,None,I,None,I,I,None,None,None,I,I,I,I,I,I,I,I,I,I,I,I,I,I,I,I,I,I,I,I,I,I,I,I,I,I,I,I,I,I,I,I,I,I,I,I,I,I,I,I,I,I,I,I,I,I,I,I,I,I,I,I,I,I,I,I,I,I,I,I,I,I,I,I,I,I,I,I,I,I,I,I,I,I,I,I,I,I,I,I,I,I,I,I,I,I,None,None,I,I,I,I,I,I,I,None,None,I,I,I,I,I,None,I,I,I,I,I,I,I,I,I,I,I,I,I,I,I,I,I,I,I,I,I,None,None,I,I,I,I,I,I,I,I,I,I,I,I,I,I,I,I,I,I,I,I,I,I,I,None,None,I,None,I,I,I,I,I,None,None,I,I,I,I,I,I,I,I,I,I,I,I,None,None,I,I,I,I,None,I,I,I,I,I,None,None,I,I,I,I,I,I,I,I,I,I,I,I,I,I,I,I,I,I,I,I,I,I
I,I,I,I,I,I,I,I,I,I,I,I,I,I,I,I,I,I,I,I,I,I,I,I,I,None,None,I,I,I,None,I,I,I,I,I,I,I,I,I,I,I,I,I,I,I,I,I,I,I,I,I,I,I,I,I,I,I,I,I,I,I,None,None,None,I,I,I,I,I,I,I,I,None,I,None,I,I,I,I,I,I,I,None,I,I,None,I,I,I,I,I,I,I,I,None,None,I,I,I,I,I,I,I,I,I,I,I,I,I,I,None,I,I,I,I,I,I,I,I,I,I,None,None,I,I,I,I,I,I,I,I,I,I,I,I,I,I,None,I,I,I,I,I,None,I,I,I,I,I,I,I,I,I,I,I,I,I,I,I,I,I,I,I,I,I,I,I,I,I,I,I,I,I,I,I,I,I,I,I,I,I,None,I,I,I,I,I,I,I,I,I,I,I,I,I,I,I,I,I,I,I,I,I,I,I,I,I,I,I,I,I,I,I,I,None,None,I,I,I,I,None,I,I,I,I,I,I,I,I,None,I,None,I,I,I,I,I,I,I,I,I,I,I,I,I,I,I,I,I,I,I,I,I,I,I,I,I,None,I,I,I,I,None,I,I,I,I,I,I,I,I,I,I,I,I,I,I,I,I,None,I,I,I,I,I,I,I,I,I,I,I,None,None,I,I,I,I,I,I,I,I,I,I,None,I,I,I,I,I,I,I,I,I,I,I,I,I,I,I,I,I,I,None,None,I,I,I,None,None,I,I,I,None,None,None,None,I,I,I,I,I,I,I,None,I,I,None,None,I,I,None,I,I,I,I,I,I,I,I,I,I,I,I,I
I,I,I,I,I,I,I,I,I,I,I,I,None,I,I,I,I,I,I,None,None,None,None,I,I,I,I,I,I,I,I,I,I,I,I,I,I,None,None,None,None,None,None,I,I,None,None,I,I,None,None,None,I,I,None,None,None,I,I,I,I,I,I,I,None,None,I,I,None,I,I,I,I,I,I,I,None,None,None,None,I,None,I,I,I,I,I,None,I,I,I,I,I,I,I,I,I,I,I,None,I,I,I,I,I,I,I,I,I,I,I,I,I,I,None,I,I,None,I,I,I,I,I,I,I,I,I,I,I,I,I,I,I,None,None,I,None,I,I,I,I,I,I,I,I,None,None,None,I,I,I,I,I,I,I,None,I,None,I,I,None,None,None,None,None,None,I,I,I,I,I,I,I,I,I,I,I,I,I,I,I,I,I,I,I,I,I,I,I,I,I,I,I,I,I,None,None,None,None,I,I,I,I,I,I,I,I,I,I,I,I,I,I,I,None,None,I,I,I,I,I,I,I,I,I,I,I,I,I,I,I,I,I,I,I,I,I,I,I,I,I,I,I,I,I,I,I,I,I,I,I,I,None,I,I,I,I,I,I,I,I,I,I,I,I,I,I,I,I,None,I,I,I,I,I,None,None,I,I,None,I,I,I,I,I,I,I,None,I,I,None,None,I,I,I,I,I,I,I,I,I,I,I,I,I,I,I,I,None,I,I,I,I,I,I,I,I,None,I,I,I,I,I,I,I,I,None,I,I,I,I,I,I,None,I,I,I,I,I,I,I,I,I,I,I,I,I,I,I,I,I,None,None,I,I,I,None,None,None,I,I,I,I,I,I
I,I,None,I,I,I,I,I,None,None,I,I,I,I,I,I,I,I,I,I,I,I,I,I,I,I,I,I,I,I,None,None,None,I,I,I,I,I,I,None,None,None,I,None,None,I,I,I,I,I,I,None,I,I,I,I,I,I,I,I,I,I,I,I,I,I,I,None,I,I,I,I,I,None,None,None,None,I,I,I,I,None,I,I,I,I,None,I,I,I,I,I,I,I,I,I,I,I,I,I,I,I,I,None,None,I,None,I,I,I,None,I,I,I,I,None,I,I,I,I,I,I,None,None,I,I,I,I,I,I,I,I,I,I,I,I,I,I,None,I,I,I,I,I,I,I,I,I,None,I,I,None,None,I,None,None,I,I,I,I,None,None,None,I,I,I,I,I,None,None,I,I,I,I,I,I,I,I,I,I,I,I,I,I,I,I,I,I,I,I,I,I,I,I,I,I,I,I,I,I,I,I,I,I,I,I,I,I,I,I,I,I,I,I,I,I,I,None,None,None,I,I,I,I,I,I,I,I,I,I,I,I,I,I,I,I,I,I,I,I,I,I,I,I,I,I,None,I,I,I,I,I,I,I,I,None,I,None,None,None,None,None,I,I,I,I,I,I,I,I,I,I,I,None,I,I,None,I,I,I,I,I,I,I,I,I,I,I,None,None,None,I,None,I,I,I,I,I,I,I,I,I,I,I,None,I,I,None,I,None,None,I,I,I,I,I,I,I,None,None,I,I,I,None,None,I,I,I,I,I,I,I,I,I,I,I,I,I,I,I,I,I,None,I,I,I,I,I,I,I,I,I,I,I,I,I,I,I,I,I,I,I,I,I,I
I,I,I,I,I,I,I,I,I,I,I,I,I,None,I,I,I,None,None,I,None,None,I,I,I,I,I,I,I,I,I,I,I,I,I,I,I,I,I,I,I,I,None,I,I,I,None,I,I,I,I,I,I,I,I,I,None,I,I,I,None,I,I,I,I,I,I,I,I,I,None,None,I,I,I,I,I,I,I,I,None,None,None,None,I,I,I,I,I,None,None,None,I,I,None,None,I,I,I,I,I,I,I,I,I,I,I,I,None,I,I,I,I,None,I,I,I,None,None,None,I,I,I,I,I,None,None,I,I,I,I,I,I,I,I,I,I,I,I,I,I,I,I,I,I,I,I,I,I,I,I,I,I,I,I,I,I,None,I,None,I,I,I,I,I,I,I,I,I,I,I,I,I,I,I,I,I,I,I,I,I,I,I,I,I,I,I,I,I,I,I,I,I,I,I,I,I,I,I,I,I,I,I,I,I,I,None,I,I,I,I,I,I,I,I,I,None,I,I,I,I,I,I,I,I,I,I,I,I,I,I,I,I,I,I,I,I,I,I,I,I,I,None,I,I,I,I,I,I,I,I,I,I,I,I,I,I,I,I,I,None,I,I,I,I,I,I,I,I,I,I,I,I,I,I,I,I,I,I,I,I,I,I,I,I,I,I,None,I,I,I,I,I,I,I,None,I,I,I,I,I,None,I,I,I,None,I,I,I,I,I,I,None,None,I,None,I,None,I,I,None,None,I,I,I,I,I,I,I,I,I,I,I,I,I,None,I,I,I,I,I,I,I,I,None,None,I,I,I,I,I,None,None,None,None,I,None,None,I,None,None,None,I,I,I
I,I,I,I,I,I,None,I,I,I,I,I,I,I,None,I,I,I,I,I,I,I,I,None,I,I,I,I,I,I,I,I,I,I,I,I,None,None,I,I,I,I,I,I,I,I,I,I,I,I,I,I,I,I,I,I,I,I,I,I,I,I,I,I,I,None,I,I,I,None,None,None,I,None,I,I,I,I,I,I,I,I,I,I,I,I,I,I,I,None,None,None,None,None,None,I,None,None,None,None,None,None,None,I,I,I,I,I,I,I,I,I,I,I,I,I,I,I,I,I,I,I,I,I,I,I,I,I,I,I,I,I,None,I,I,I,I,None,I,I,I,I,I,I,I,I,I,I,I,I,None,I,I,None,I,I,I,I,None,I,I,I,I,I,None,None,I,I,I,I,I,None,I,I,I,None,I,I,I,I,I,I,I,I,I,I,I,I,I,I,I,I,I,I,I,I,None,None,I,I,I,I,I,I,I,I,I,I,I,I,None,I,I,I,I,I,I,I,I,I,I,I,I,None,I,I,I,I,I,I,I,I,None,I,I,I,I,I,I,I,I,I,I,I,I,I,I,I,None,I,I,I,I,I,I,I,I,I,None,None,None,None,I,I,I,I,I,I,None,None,I,I,I,I,I,I,I,I,I,I,None,None,None,I,I,I,I,I,I,I,I,I,I,I,I,I,I,I,I,I,I,I,I,I,I,I,I,I,I,I,I,I,I,I,I,I,I,None,None,None,None,None,I,I,I,None,None,None,None,None,I,I,I,I,I,I,I,I,I,I,I,I,None,None,I,None,None,None,None,None,I,I,I,I,I,None,I,I,I,I,I,I,None,None,None
None,I,I,I,I,I,I,I,I,I,I,I,I,I,I,I,I,I,I,None,I,I,I,I,I,I,I,I,I,None,None,I,None,I,I,I,None,None,None,I,None,I,I,I,I,I,I,I,I,I,I,I,I,I,I,I,I,I,I,I,None,I,I,I,I,I,I,I,I,I,I,I,I,I,I,I,I,I,I,I,I,I,None,None,I,None,I,I,I,I,I,I,None,I,I,I,I,None,None,I,I,I,I,I,I,I,None,None,None,I,I,I,I,I,I,I,I,I,I,I,I,I,I,None,I,I,I,None,None,None,I,I,I,None,None,I,I,I,I,I,I,I,I,I,I,None,None,None,None,I,I,I,I,I,I,I,I,I,I,I,I,I,I,I,I,I,None,I,I,I,I,I,I,I,I,I,I,I,I,I,I,I,None,I,I,I,I,I,I,None,I,I,I,I,I,I,I,I,I,I,I,I,I,I,I,I,I,I,I,I,None,I,I,I,I,I,I,I,I,I,I,I,I,I,I,I,I,I,I,I,I,I,I,I,I,I,I,I,I,None,I,None,I,I,None,I,I,I,I,I,I,I,I,I,I,I,I,I,I,I,I,None,I,I,I,I,I,I,I,I,None,None,None,I,I,I,None,None,None,None,I,I,None,I,I,I,I,I,I,I,I,I,I,I,I,I,I,I,I,I,I,I,I,I,I,I,I,None,I,None,None,None,I,I,I,I,I,I,I,None,None,I,I,None,None,I,I,I,I,I,I,None,None,I,I,I,None,None,None,None,None,I,I,I,I,I,I,I,I,I,I,I,I,I,I,I,I,I,I,None,I,I,I,I,I
I,I,I,I,I,I,I,I,I,I,I,I,I,I,I,I,I,I,I,I,I,None,None,None,None,I,I,I,I,I,None,I,I,I,I,I,I,I,I,I,I,I,I,I,I,I,I,I,I,I,I,I,I,I,I,None,I,I,I,I,I,I,None,I,I,I,I,None,None,None,None,None,None,I,I,I,None,I,I,I,I,I,I,I,I,I,I,None,I,None,None,None,I,None,None,I,None,None,I,I,None,None,I,I,I,I,I,I,None,None,None,None,I,None,I,I,I,I,None,I,I,I,I,None,I,I,I,I,I,None,I,I,I,I,I,I,I,I,I,I,I,I,I,None,I,I,None,None,None,None,I,I,I,I,I,I,I,I,I,None,I,I,None,I,I,I,I,None,None,I,I,I,I,I,I,I,I,I,I,I,I,I,I,I,I,I,I,I,I,I,I,I,None,I,I,I,I,I,I,I,I,I,I,I,I,I,I,I,I,I,I,I,I,I,I,I,I,I,None,I,I,I,I,I,I,I,I,I,I,I,I,I,I,I,I,I,None,I,I,I,I,I,I,None,None,I,I,I,I,I,I,I,I,I,I,I,I,I,I,I,None,I,I,I,I,I,None,I,I,None,None,I,I,I,I,I,I,I,I,I,I,I,I,I,I,I,I,I,I,I,I,I,I,I,I,I,I,I,I,I,I,I,I,I,I,I,I,I,I,I,I,I,I,I,I,I,I,I,I,I,I,I,None,None,None,I,I,I,I,I,I,None,I,None,I,I,I,I,I,I,I,None,I,I,I,I,None,I,None,None,None,None,None,I,I,I,I,I,I,I,I,I,I,I,I
I,I,None,I,I,I,I,I,I,I,None,I,I,I,I,I,I,I,I,I,I,I,I,I,I,I,None,None,I,I,None,I,I,I,I,I,I,I,I,None,None,I,I,None,None,I,I,None,None,I,I,I,I,I,I,I,I,None,I,I,None,I,I,I,None,None,None,I,I,I,I,None,None,I,I,None,I,I,I,I,I,I,I,I,I,I,I,I,I,I,None,None,I,I,I,I,I,I,I,I,I,I,I,I,I,I,I,None,I,I,I,I,I,I,I,I,I,I,I,I,I,None,None,I,None,I,I,I,I,I,None,None,None,I,I,I,I,I,I,I,None,I,I,I,I,I,I,I,I,I,None,I,I,I,I,I,I,I,None,I,I,I,I,I,I,I,I,I,I,I,I,I,I,I,I,I,I,I,I,I,I,I,I,I,I,I,None,None,None,I,I,I,I,I,I,I,I,I,I,I,I,I,I,I,I,I,I,I,None,None,I,I,I,I,I,I,I,I,I,I,I,I,I,I,I,I,I,I,I,I,I,I,I,I,I,I,I,I,I,I,I,I,I,I,I,I,None,I,I,I,I,I,I,I,I,I,I,None,I,I,I,I,I,I,I,I,I,I,I,I,I,None,None,I,I,None,None,I,I,I,I,I,None,I,None,I,None,I,I,I,I,I,I,I,I,I,I,I,I,I,I,I,None,I,I,I,I,I,I,I,I,I,I,I,I,I,I,I,None,None,I,I,I,I,I,I,I,I,I,I,I,I,I,I,I,I,I,I,I,I,I,I,I,I,None,I,I,I,I,None,I,I,None,None,I,I,I,I,None,None,I,I,None,I,I
I,I,I,I,I,I,I,I,I,I,I,I,None,None,None,I,I,None,None,None,None,None,I,None,None,None,None,None,I,I,I,I,I,I,I,None,None,None,I,I,I,I,None,None,I,None,None,I,None,None,None,None,None,None,None,None,None,I,None,None,I,I,I,I,None,I,I,None,None,I,I,None,None,I,I,I,I,I,I,None,None,I,I,I,I,I,I,I,I,I,I,I,None,I,I,None,I,I,I,None,I,I,I,I,I,I,I,I,I,I,I,I,None,I,I,I,I,I,I,I,I,I,I,None,None,None,None,I,I,I,I,I,I,I,I,I,I,I,I,I,I,I,I,I,I,I,I,I,I,I,I,I,I,I,None,I,I,I,I,I,I,None,None,I,I,None,I,I,I,I,I,None,I,I,None,I,I,I,I,I,I,I,I,I,I,I,I,I,I,I,I,None,I,I,I,I,I,I,I,I,I,I,I,I,I,I,I,None,I,I,I,I,I,None,I,I,I,I,I,I,I,I,I,I,I,I,I,I,I,I,I,I,I,I,I,I,I,I,I,I,I,I,I,I,I,I,I,I,I,I,I,I,I,I,I,I,I,I,I,I,I,None,None,I,I,I,I,None,I,I,I,I,I,I,I,I,I,I,I,I,I,I,I,I,I,I,I,I,I,I,I,I,I,I,I,I,I,I,I,I,I,I,I,I,I,I,I,I,I,None,None,I,I,None,None,I,I,I,None,None,I,I,I,I,I,I,I,I,I,I,I,I,I,None,I,I,I,I,I,I,I,None,None,I,I,I,I,I,I,I,I,I,I,I,I,None,I,I,I,I,I,I,I,I,I
I,I,I,I,I,I,I,I,I,None,None,None,I,None,None,None,None,I,I,I,I,I,I,I,I,I,I,None,I,I,I,I,I,I,I,I,I,I,I,None,None,None,I,I,I,I,I,I,I,I,I,I,I,I,I,I,I,I,None,None,None,I,I,None,I,I,I,I,None,I,I,I,I,I,I,I,I,I,I,I,I,I,I,I,I,None,I,I,I,None,None,I,I,I,I,I,I,I,I,I,I,I,I,I,I,I,I,I,I,I,I,I,I,I,I,I,None,None,I,I,I,I,I,I,I,I,I,I,I,I,I,I,I,I,I,I,I,I,I,I,I,I,I,I,I,None,I,I,I,I,I,I,I,I,I,I,I,I,I,I,None,I,I,I,I,I,None,I,I,I,I,I,I,I,I,I,I,I,I,I,I,I,I,I,I,I,I,I,I,None,I,I,I,I,I,I,I,I,I,I,I,I,I,I,I,I,I,I,None,I,I,I,I,I,I,I,I,I,I,I,I,I,I,I,I,I,I,I,I,I,I,I,I,I,I,I,I,I,None,I,I,I,I,I,I,I,I,I,I,I,I,I,I,I,I,I,I,I,I,I,I,I,I,I,I,I,I,I,I,I,I,I,I,I,I,None,None,I,None,I,I,I,I,I,I,I,I,I,I,I,I,I,I,I,I,I,I,I,I,I,I,I,I,I,I,I,I,I,I,None,I,I,I,I,I,None,I,I,I,I,I,I,I,I,I,I,I,I,I,None,I,None,None,None,I,None,I,I,I,I,I,I,None,I,I,I,I,None,I,I,None,I,None,None,None,None,I,I,I,I,I,I,I,I,I
I,B,A,I,I,I,I,I,I,I,I,None,D,B,I,I,I,I,I,I,A,A,I,I,I,I,I,I,I,I,I,I,I,A,I,I,I,I,I,I,I,I,I,I,I,A,A,D,I,None,A,I,I,I,I,I,I,I,I,I,I,I,I,I,I,I,I,A,A,I,I,B,I,I,I,I,I,I,I,I,I,I,A,I,I,I,I,I,I,I,I,I,I,I,I,I,I,I,I,I,I,I,I,A,B,B,None,B,B,I,A,I,I,I,B,B,I,I,I,I,A,I,A,I,B,D,A,B,I,I,B,I,I,I,B,A,I,I,I,I,A,I,I,I,I,B,B,D,B,A,I,I,I,I,I,I,I,B,I,B,D,I,I,I,I,I,I,I,I,I,I,I,I,I,I,I,I,I,B,I,I,I,I,I,I,I,I,I,I,I,I,I,I,I,I,I,A,A,I,I,A,I,I,I,I,I,I,I,I,I,I,I,I,I,I,I,I,I,I,I,I,I,I,I,I,I,I,I,I,I,I,I,I,I,I,I,I,I,I,I,I,I,I,I,I,I,I,I,I,I,I,I,I,I,I,I,I,I,I,I,I,I,I,I,I,I,I,I,I,I,I,I,I,I,I,I,I,I,I,I,I,I,I,I,I,I,A,A,C,C,B,I,I,I,I,I,A,B,I,I,A,A,I,I,I,I,I,I,I,I,I,I,I,I,I,B,I,A,I,I,I,I,I,I,I,I,I,I,I,I,I,I,I,I,I,I,B,B,I,I,A,I,I,I,I,I,A,I,I,I,I,I,I,I,I,C,C,C,D,D,A,C,A,I,I
I,I,I,I,I,I,I,I,I,I,I,I,I,I,I,I,I,I,I,I,I,I,I,I,I,I,I,I,I,I,I,I,I,I,I,B,D,I,I,I,I,I,I,I,I,I,I,I,I,I,I,I,I,I,I,I,I,I,I,I,I,I,I,I,I,A,B,I,I,I,I,I,None,I,I,I,A,I,A,None,A,A,I,I,I,I,I,I,I,I,I,I,I,I,I,I,I,I,I,None,A,I,A,I,I,I,I,I,A,A,I,I,I,I,I,I,I,I,I,I,I,I,I,I,A,I,I,I,I,I,I,I,I,I,I,I,I,I,A,C,I,I,I,I,I,I,I,I,I,I,I,I,I,I,I,None,B,C,C,A,I,I,I,I,I,I,I,I,I,I,None,C,B,B,I,I,I,I,I,I,I,I,I,I,I,I,I,I,I,I,I,I,I,I,I,I,I,I,I,I,I,I,I,I,I,I,I,I,I,A,I,I,I,I,A,I,I,I,I,I,I,I,I,A,A,I,I,I,I,I,I,I,I,I,I,I,A,I,A,B,I,A,I,I,I,B,B,I,B,I,I,I,I,I,I,I,I,I,I,I,I,I,I,I,I,I,I,I,I,A,I,I,I,I,I,I,A,I,I,I,I,C,A,I,A,A,I,I,I,A,I,B,C,A,I,I,I,I,A,C,A,I,I,I,I,I,I,None,A,I,I,A,I,I,B,B,I,A,A,B,D,A,I,I,I,I,I,I,I,I,I,I,I,I,I,I,I,A,B,I,B,C,A,None,A,I,I,I,I,I,I,I,I,I,I,I,I,I,I,I,I,A,I,I,I
D,D,D,D,H,D,D,D,H,G,G,I,I,I,I,B,G,G,G,G,I,A,I,I,I,G,G,I,I,None,G,G,I,G,G,G,G,G,G,G,None,G,G,G,G,A,I,I,I,I,I,G,G,I,None,A,I,I,G,G,G,I,G,G,B,D,A,G,G,B,G,G,G,G,I,I,I,I,A,A,G,G,I,I,None,G,G,G,I,I,I,I,I,I,I,I,I,I,I,I,I,I,H,I,I,I,A,I,I,I,I,I,I,I,I,I,I,H,I,I,I,I,I,I,I,A,I,I,I,I,I,I,I,I,I,I,A,I,I,I,I,I,I,I,I,H,I,I,I,I,H,G,G,I,I,I,I,I,I,I,I,I,I,I,I,I,I,I,I,I,I,I,I,I,I,I,I,I,I,I,I,I,I,I,I,I,I,I,I,I,I,I,I,I,I,I,I,I,I,I,I,I,I,I,I,I,I,I,I,I,I,I,I,I,I,I,I,I,I,I,I,I,I,I,None,I,I,I,I,I,I,A,I,I,I,I,I,H,I,I,I,I,I,I,I,I,I,H,I,I,I,I,H,I,I,I,I,A,H,I,I,I,I,I,None,A,I,I,I,I,I,I,I,I,I,H,I,I,H,I,G,G,G,I,I,I,I,I,I,I,I,I,I,I,I,I,I,I,I,I,I,I,I,I,I,I,I,I,I,I,I,I,I,I,I,I,I,I,I,I,G,G,G,G,A,I,G,G,G,G,I,I,I,I,None,G,G,I,I,I,I,I,I,I,I,I,I,H,I,I,I,I,I,I,I,G,G,I,I,I,A,H,I,I,I
G,G,G,B,G,G,G,G,G,G,G,I,I,I,I,I,G,G,G,H,G,G,I,I,I,I,H,I,I,I,I,I,I,I,I,I,I,I,I,I,I,I,I,H,I,I,I,I,I,None,A,I,I,I,I,I,I,I,None,G,G,G,G,G,I,A,G,G,G,I,I,I,I,I,I,I,I,None,H,I,H,I,I,I,H,A,I,I,None,A,I,G,G,I,I,I,I,I,A,I,I,I,I,I,I,I,I,A,I,I,I,I,I,I,I,I,I,I,I,I,I,I,I,I,I,H,I,H,H,I,I,H,I,I,I,I,I,I,I,I,I,I,I,I,I,I,I,I,I,I,I,I,I,I,I,I,I,A,A,I,I,I,I,I,I,I,I,I,I,I,I,I,I,I,I,I,I,I,I,I,I,I,I,I,I,I,I,I,I,I,I,I,I,I,I,A,I,I,I,I,I,I,I,I,A,I,I,I,I,I,I,I,I,I,I,I,I,I,I,I,H,I,I,I,I,I,I,I,I,I,I,I,I,I,I,I,I,I,I,I,I,I,I,I,I,I,I,I,I,I,I,I,I,I,I,I,I,I,I,I,I,I,I,I,I,A,G,G,I,I,I,I,I,I,I,I,H,I,I,None,G,G,I,I,I,I,I,I,I,I,I,I,I,I,I,H,I,I,None,A,A,G,G,G,B,A,I,I,I,I,I,I,I,I,I,I,I,I,I,I,I,I,I,I,I,G,G,I,I,I,I,I,I,I,I,I,I,G,G,G,I,I,I,I,I,I,I,I,I,I,I,I,I,I,I,I,I,I,I,I,I,A,G,G,G
I,I,I,I,I,I,I,I,I,I,I,I,I,I,I,I,I,I,I,I,I,I,I,I,I,I,A,G,G,None,G,G,I,G,G,G,G,I,I,G,G,G,G,A,G,G,I,I,I,I,I,I,I,I,I,I,I,I,I,I,I,I,I,None,G,G,G,G,G,G,G,G,G,G,A,G,G,I,I,I,A,I,I,A,A,I,I,I,I,A,G,G,I,I,A,G,G,G,G,G,A,A,I,I,None,B,G,G,G,I,I,I,I,I,A,B,I,I,I,I,B,I,I,I,I,I,I,I,I,I,I,I,I,I,I,I,I,I,A,A,B,I,I,I,I,I,I,I,I,I,I,I,I,A,I,I,I,I,I,I,I,I,I,I,I,I,A,B,B,I,I,I,I,I,I,I,I,I,I,I,I,I,I,I,I,I,I,I,A,None,G,G,I,I,I,I,I,I,I,I,I,I,I,I,I,I,I,A,A,I,I,I,I,I,I,I,I,I,I,I,I,I,I,I,I,I,I,I,I,I,I,I,I,I,I,I,I,I,I,I,I,I,I,I,I,I,I,I,I,I,A,A,A,A,A,I,I,I,I,I,I,I,I,I,I,I,I,I,I,I,I,I,I,I,I,I,I,I,I,A,I,I,None,None,A,I,I,I,I,I,I,I,A,I,A,I,I,I,I,I,I,I,None,G,G,I,I,I,I,I,I,I,I,I,I,I,I,I,I,I,I,B,I,I,I,I,I,I,I,I,A,G,G,G,I,I,I,I,I,I,I,I,I,I,I,H,G,G,I,I,I,I,I,None,B,I,I,I,I,I,I,I,I,I,I
I,I,I,I,I,I,I,I,I,I,I,I,I,I,I,I,I,I,I,I,I,I,I,I,I,I,I,I,I,I,I,I,I,I,G,G,G,G,G,G,G,G,I,I,I,I,I,I,I,I,A,I,I,I,A,I,I,I,I,B,G,G,G,G,I,I,I,I,B,A,I,I,I,I,I,I,I,I,I,I,I,I,I,None,I,I,I,I,I,I,I,I,I,G,G,G,G,None,A,I,I,None,G,G,G,G,G,I,I,I,I,I,I,I,I,I,I,I,I,I,I,I,I,I,A,G,G,G,G,I,I,I,I,I,I,I,I,I,I,I,I,I,I,I,I,I,I,A,I,I,I,I,I,I,I,I,I,I,I,I,A,A,I,I,I,I,I,I,I,I,I,I,I,I,I,I,I,I,I,I,I,I,I,I,I,I,I,I,I,I,I,I,I,I,I,I,None,I,I,I,I,I,None,G,G,I,None,G,G,I,I,I,I,I,I,I,I,I,I,I,I,I,I,I,I,I,I,I,I,I,I,I,I,I,I,I,I,I,I,I,I,G,G,I,I,A,B,I,I,None,G,G,G,G,G,G,I,B,I,I,I,A,A,G,G,I,I,G,G,I,I,I,A,I,A,I,I,I,I,I,I,I,I,I,I,I,I,I,I,I,I,I,I,A,I,G,G,I,I,I,I,I,I,I,I,I,I,I,I,I,I,I,I,I,I,G,G,G,G,G,I,I,I,I,I,I,I,I,I,I,A,I,I,I,I,I,I,I,I,I,I,I,I,I,I,I,I,I,I,I,I,I,I,I,I,I,I,I,I,I,I,I,I,A,G
G,I,G,G,G,G,G,G,G,I,I,I,I,I,I,I,I,I,I,I,G,G,I,I,I,G,G,I,I,I,I,I,I,I,I,I,I,I,I,I,I,I,I,I,I,I,I,I,I,I,I,I,I,A,G,G,G,I,I,I,I,I,I,I,I,I,I,I,I,I,I,I,I,I,A,G,G,I,I,I,I,I,I,G,G,G,I,I,A,I,G,None,A,I,I,I,I,I,I,I,I,I,I,I,I,A,None,I,I,I,I,I,I,I,I,I,I,A,I,I,I,I,I,I,I,A,I,G,G,G,G,A,C,I,I,I,I,I,A,I,I,I,B,G,G,G,I,I,I,I,I,I,I,I,I,A,A,I,I,B,I,I,I,I,I,I,I,I,I,I,I,I,I,I,I,I,I,I,I,I,I,I,I,I,I,I,I,I,I,I,I,I,I,I,I,I,I,I,I,I,I,I,I,I,I,I,I,I,I,I,I,I,A,I,I,I,I,I,I,I,I,I,I,I,I,I,I,None,G,G,G,I,I,I,A,I,I,I,I,I,I,I,I,I,I,I,I,I,I,I,I,I,I,I,I,I,A,A,I,I,I,I,I,I,I,I,I,I,I,I,I,I,I,I,I,I,I,I,A,I,I,I,I,I,I,I,I,I,I,I,I,I,A,I,I,I,I,I,I,A,I,I,I,I,I,I,I,I,I,A,I,I,I,I,I,I,I,I,I,I,I,I,I,I,I,I,I,I,I,I,I,I,I,I,I,I,I,I,I,I,I,I,I,I,I,I,I,I,I,I,I,G,G,G,I,G,G,G,G,G,G,G,G,G,G
I,I,None,G,G,G,G,G,A,G,G,G,I,B,G,G,G,G,G,G,G,I,I,I,I,I,I,I,I,A,G,G,I,I,I,A,G,G,G,G,G,G,G,G,G,G,I,I,I,I,I,I,I,I,I,I,I,G,G,G,G,G,G,G,G,G,I,I,G,G,G,G,I,I,I,I,I,I,I,B,G,G,I,I,I,I,I,B,A,G,G,G,G,G,G,G,G,G,G,G,G,I,A,I,None,G,G,I,I,I,I,I,I,I,G,G,G,I,None,A,A,A,I,I,I,I,I,I,I,I,I,I,I,I,I,I,I,I,I,I,I,I,I,I,I,I,I,I,I,I,I,A,I,I,I,I,I,I,I,I,I,I,I,I,I,I,I,I,I,I,I,I,I,I,I,I,I,I,I,I,I,I,I,I,I,I,I,I,I,I,I,I,I,I,I,I,I,I,I,I,I,I,I,I,I,I,I,I,I,I,I,I,I,I,I,I,I,I,I,None,G,G,I,I,I,I,I,I,I,I,I,I,I,I,I,I,I,I,I,I,I,I,I,I,I,I,I,None,G,G,G,I,I,I,I,I,G,G,G,I,I,I,I,I,I,I,I,I,I,I,I,I,I,I,I,I,I,I,I,I,I,I,I,I,I,I,I,I,I,I,I,I,G,G,I,I,I,I,I,I,I,I,A,A,I,I,I,I,I,I,I,I,I,A,G,G,G,G,G,I,I,I,I,I,None,G,G,G,A,I,I,I,I,I,None,G,G,I,I,G,G,I,I,I,I,I,I,I,I,I,G,G,G,G,G,I,I,I,I,I,I,I,I,I,I
I,I,I,I,B,G,G,I,B,I,I,A,I,None,G,G,G,G,G,G,I,I,I,I,I,I,I,A,I,None,G,G,G,G,G,I,I,I,I,I,I,I,I,I,G,G,G,I,I,A,A,G,G,G,G,G,I,I,D,D,G,G,D,D,D,D,D,D,D,D,D,G,G,G,D,G,G,G,G,G,G,G,D,D,D,G,G,G,G,G,D,D,D,D,D,D,D,D,D,D,D,D,D,D,D,D,G,D,D,D,D,D,D,D,D,D,D,D,D,D,G,G,G,G,D,D,C,D,D,D,D,D,D,D,D,D,D,D,D,D,D,D,D,D,D,D,C,D,D,D,D,D,D,D,D,D,D,D,C,D,D,D,D,D,D,D,D,D,D,D,D,D,D,D,D,D,D,D,D,C,D,D,D,D,D,D,D,D,D,D,D,D,D,D,D,D,D,D,D,D,G,G,D,D,D,D,D,D,D,D,D,D,D,D,D,D,D,D,D,D,D,D,D,D,D,D,D,D,D,D,D,D,D,D,D,D,D,D,D,D,D,D,D,D,D,D,D,D,D,D,D,D,D,D,D,D,D,D,D,D,D,D,D,D,D,D,C,D,D,D,D,D,G,G,D,D,D,D,D,D,D,D,D,D,D,D,D,D,C,D,D,D,G,G,G,D,D,D,D,D,D,D,D,D,D,D,D,D,D,D,D,G,G,D,D,D,D,D,D,D,D,D,D,D,D,D,D,D,D,D,C,D,D,D,D,D,D,D,D,D,D,D,D,D,D,D,D,D,D,D,D,D,D,D,C,D,D,D,G,G,G,D,D,D,D
D,D,D,D,D,D,D,D,G,G,G,G,G,G,G,G,D,G,G,D,D,D,D,D,D,D,D,G,G,G,G,G,D,D,D,D,D,D,D,D,D,D,D,D,G,G,G,G,G,G,G,G,G,G,D,D,D,D,D,D,D,G,G,G,G,G,G,D,D,G,G,D,D,D,D,D,D,G,G,D,G,G,D,D,G,G,D,D,D,D,D,D,D,G,G,D,D,D,D,D,D,D,D,D,D,D,D,D,D,D,D,D,G,G,G,D,D,G,G,G,G,G,G,D,D,D,D,D,D,D,D,D,D,D,D,D,D,D,D,D,G,G,D,D,D,D,D,D,D,D,D,D,D,C,D,D,D,D,D,D,D,D,D,D,D,D,D,D,D,D,D,D,D,D,D,D,D,D,D,D,D,D,D,D,D,D,C,D,D,D,D,D,D,D,D,D,D,D,D,D,D,D,D,D,D,D,D,D,D,D,D,D,D,D,D,D,D,D,D,D,D,D,D,D,D,D,D,D,D,D,D,D,D,D,D,D,D,D,D,D,D,D,D,D,D,D,D,D,D,D,D,D,D,D,D,D,D,D,D,D,D,D,D,D,D,D,D,D,D,D,D,D,D,D,D,D,D,D,D,D,D,D,D,D,D,D,D,D,D,D,D,D,D,D,D,D,D,D,D,D,D,D,D,D,D,D,D,C,D,D,D,D,D,D,D,D,D,D,D,D,D,D,D,D,D,D,D,D,D,D,D,D,D,D,D,D,C,G,G,G,D,G,G,D,D,D,D,D,D,D,D,D,D,D,D,D,D,D,D,D,D,D,D,D,D
D,D,D,D,D,D,D,D,D,D,D,D,D,D,D,D,D,D,D,D,D,D,D,D,D,D,D,D,D,G,G,G,D,D,D,D,D,D,D,G,G,G,D,D,D,D,D,D,D,D,D,D,D,C,D,D,G,G,G,G,G,G,G,D,D,D,D,D,D,D,D,D,D,D,D,D,D,D,G,G,D,D,D,D,D,G,G,D,D,D,D,D,D,D,D,D,D,D,C,D,D,D,D,D,D,D,D,D,D,D,D,D,D,D,D,D,D,D,D,D,D,D,D,D,D,D,D,D,D,D,D,D,D,D,D,D,D,D,D,D,D,D,D,D,D,D,G,G,D,D,D,D,D,D,D,D,D,D,D,D,D,D,D,D,D,D,D,D,D,D,D,D,D,D,D,D,D,D,C,D,D,D,D,D,C,D,D,D,D,D,D,D,D,D,D,D,D,D,D,D,D,D,D,D,D,D,D,D,D,D,D,D,D,D,D,D,D,D,D,D,D,D,D,D,D,D,D,D,D,D,D,D,D,D,D,D,D,D,D,D,D,D,D,D,D,D,D,D,D,D,D,D,D,D,D,D,D,D,D,D,D,D,D,D,D,D,D,D,D,D,D,D,D,G,G,G,D,D,D,D,D,D,D,D,D,D,D,D,D,D,D,D,D,D,D,D,D,D,D,D,D,G,G,D,C,D,D,D,D,D,D,D,D,D,D,D,D,D,D,D,D,D,D,D,D,D,D,D,D,D,D,G,G,G,D,D,D,D,D,D,D,D,D,D,D,D,D,D,D,D,D,C,D,D,D,D,D,D,D,D,D,D,D,D,G
G,G,G,G,G,G,G,D,D,D,G,G,D,D,D,D,D,D,D,G,G,G,D,D,D,D,D,D,G,G,D,D,D,D,D,D,D,D,D,D,G,G,G,G,D,D,G,G,D,D,D,D,D,D,D,D,D,D,D,D,G,G,G,D,D,D,D,C,D,D,G,G,G,G,G,G,G,G,G,D,D,D,D,D,G,G,G,G,G,G,D,D,D,D,D,D,D,D,D,D,D,G,G,D,D,D,D,D,D,D,D,D,D,D,D,D,D,D,D,D,D,D,D,G,G,G,D,H,C,D,D,G,G,D,D,D,D,D,D,D,D,D,D,D,D,D,D,G,D,D,D,D,D,D,D,D,D,D,D,D,D,D,D,G,D,D,D,D,G,G,G,H,D,D,D,D,D,D,D,D,D,D,D,D,D,D,D,D,D,D,D,D,D,D,D,D,D,D,D,D,D,D,D,D,D,D,D,D,D,D,D,D,D,C,C,D,D,D,D,D,D,D,D,D,D,D,D,D,D,D,D,D,D,D,D,D,D,D,D,D,D,D,D,D,D,D,D,C,D,D,D,D,D,D,D,D,D,D,D,D,D,D,D,D,D,D,D,D,G,G,G,D,D,D,C,D,D,D,D,D,D,D,D,D,D,D,D,D,D,D,D,D,D,D,D,D,D,G,G,G,G,D,D,D,D,D,D,D,D,D,D,D,D,G,G,G,D,D,D,D,D,D,G,G,G,D,D,D,C,D,D,D,H,G,G,G,D,D,D,D,D,G,G,G,G,D,D,D,D,D,D,D,D,D,D,D,G,G,D,D,D,D,D,G,G
C,C,D,D,D,D,D,D,D,D,D,D,D,D,D,D,D,D,G,G,G,D,G,G,G,G,D,D,G,G,D,D,D,G,G,D,G,G,G,G,D,D,D,D,D,D,D,D,D,D,D,D,D,D,G,G,G,G,G,G,G,G,G,G,G,G,D,D,D,D,D,D,G,G,D,G,G,G,G,G,G,D,G,G,G,D,D,D,D,D,D,D,D,D,D,D,D,D,D,D,D,G,G,G,D,D,D,G,G,G,G,G,G,D,D,D,D,D,G,G,G,G,G,D,D,D,D,D,D,D,D,D,D,D,D,D,D,D,D,D,D,D,D,D,C,D,D,D,D,D,D,D,D,D,D,D,D,D,D,D,D,D,D,D,D,D,D,D,D,D,D,D,D,D,D,D,D,D,D,D,D,D,D,D,C,D,D,D,D,D,D,D,D,D,D,D,D,D,D,D,D,D,D,D,D,D,D,D,D,D,D,D,D,D,D,D,D,D,G,G,C,G,G,D,D,D,G,G,G,G,G,G,G,D,D,D,D,D,D,D,D,D,D,D,D,D,D,D,D,D,D,D,D,D,D,D,D,D,D,C,D,D,D,D,D,D,D,D,D,D,D,D,G,G,G,D,D,G,G,G,G,D,D,C,D,C,D,D,C,D,C,D,D,D,D,D,D,D,D,D,D,D,D,D,C,G,G,D,D,D,D,D,D,D,D,G,G,G,C,D,D,D,D,D,D,D,D,D,G,G,D,D,D,C,D,D,D,G,G,D,D,D,D,G,D,G,G,D,D,D,D,D,D,D,D,D,D,D,G,G,G,G,D,D,D
D,D,C,D,D,D,D,D,D,D,D,D,D,D,D,D,G,G,D,D,D,D,D,D,C,C,D,D,D,D,D,D,D,D,D,D,D,D,D,D,G,D,C,D,D,D,D,G,G,D,D,D,D,D,D,D,D,D,D,D,D,D,D,D,D,D,D,D,D,D,D,D,C,G,G,D,D,D,D,D,D,D,D,D,D,C,D,D,D,D,D,D,D,D,D,G,G,D,D,D,D,D,D,D,D,D,D,D,G,G,D,D,D,D,D,D,D,D,D,D,D,D,D,D,D,D,D,D,D,D,D,D,D,D,D,D,D,D,D,D,D,D,D,D,D,D,D,D,D,D,D,D,D,D,G,D,D,D,D,D,D,D,D,D,D,D,G,D,D,D,D,D,D,D,D,D,D,D,D,D,D,D,D,C,D,D,D,D,D,D,D,D,D,D,D,D,G,G,D,D,C,D,D,D,D,D,D,D,D,D,G,G,D,D,D,D,D,D,D,D,D,D,C,C,D,D,G,G,G,G,G,G,D,D,D,D,D,D,D,D,D,D,D,D,D,D,D,D,D,D,D,D,C,D,D,D,D,D,G,G,D,G,G,D,D,D,D,D,D,D,D,D,D,D,D,D,D,D,D,D,D,D,D,D,D,D,D,D,D,G,G,D,D,D,D,D,D,D,D,D,D,D,D,D,D,D,D,D,D,D,D,D,D,D,D,D,D,D,D,D,D,D,G,G,D,D,D,D,G,G,D,D,D,D,D,D,D,D,D,D,D,G,G,D,G,G,G,D,D,G,G,D,G,G,G,D,D,D,D,D,G,G,G,D,D
D,D,D,D,D,D,G,G,G,G,D,D,D,D,D,D,D,D,D,C,D,D,D,D,D,D,D,D,G,G,D,D,D,D,D,D,D,D,D,G,G,G,D,D,C,D,D,D,D,D,D,H,D,D,D,D,D,D,D,D,D,G,G,D,D,H,D,D,D,D,D,D,D,D,D,D,D,G,G,D,D,D,D,D,D,G,G,G,D,D,D,D,D,D,D,D,D,D,D,D,D,D,D,D,D,D,C,G,G,D,D,D,D,D,D,D,D,D,D,D,D,D,D,D,D,D,D,D,D,C,D,D,D,D,D,D,D,D,D,D,D,D,D,D,D,G,G,D,D,D,D,D,D,G,G,G,D,D,D,D,D,D,D,D,D,D,D,D,D,D,D,D,D,D,D,G,D,D,D,D,D,D,D,D,D,D,D,D,D,D,D,D,D,D,D,D,D,D,D,G,D,D,D,D,D,D,D,D,D,D,D,D,D,D,D,D,D,D,D,D,D,D,D,D,D,D,D,D,D,D,C,D,D,D,D,D,D,D,D,D,D,D,D,D,D,D,D,D,D,D,D,D,D,D,D,D,D,D,D,D,D,D,D,D,D,D,D,D,D,D,C,D,C,D,D,D,D,D,D,D,D,D,G,G,D,D,D,D,D,D,D,D,D,D,G,G,D,D,D,D,D,D,D,D,D,D,D,D,D,D,D,D,D,D,D,G,G,G,D,D,D,D,D,D,D,D,D,D,G,G,G,D,G,G,G,D,G,G,D,D,D,D,D,D,D,D,D,D,D,D,D,D,D,D,D,D,D,D,D,D,D,C,C,G,G
D,D,D,G,G,G,D,D,D,D,D,D,D,C,D,D,D,D,D,D,D,D,D,D,D,D,D,D,D,G,G,G,G,D,D,D,D,D,G,G,G,D,D,G,G,G,G,D,D,D,G,G,D,D,D,D,D,D,D,D,A,D,D,D,C,D,D,G,G,G,G,G,G,G,G,G,G,G,D,D,D,D,D,D,D,D,D,G,G,D,D,G,G,D,D,G,G,G,D,D,D,D,D,D,D,D,D,D,D,D,D,D,D,D,D,D,D,D,D,D,D,D,D,D,D,D,D,D,D,D,D,D,D,H,D,D,D,D,D,D,D,D,D,D,D,D,D,D,D,D,D,D,D,D,D,D,D,D,D,D,D,D,D,D,D,D,D,D,D,D,D,D,D,D,D,D,D,D,D,D,D,D,D,D,D,D,D,D,D,D,D,D,D,D,D,D,D,D,C,D,D,D,G,G,G,G,D,D,D,D,D,D,D,D,D,D,D,D,D,D,D,D,D,D,D,D,D,D,D,D,D,D,D,D,D,D,D,C,D,D,D,D,D,D,D,D,D,D,D,D,D,D,D,D,D,D,D,D,D,D,D,D,D,D,D,D,D,G,G,D,D,D,D,D,D,D,D,D,D,D,D,D,G,G,G,D,D,D,D,D,D,D,D,D,D,D,D,D,D,D,D,D,D,D,D,D,D,D,C,D,D,D,D,D,D,D,D,D,G,G,D,G,G,D,D,D,D,D,D,D,D,D,D,D,D,D,D,D,D,G,G,G,D,D,D,D,D,D,D,D,D,D,D,D,D,C,D,D,D,D,D,D,D,D,C
D,D,D,D,G,G,G,G,G,D,D,D,D,D,D,D,D,D,D,C,D,D,C,D,D,D,D,G,G,D,D,D,D,D,D,D,D,D,D,D,G,G,D,H,G,G,D,D,D,D,D,D,D,D,G,G,G,G,D,D,C,D,D,D,G,G,G,D,D,D,D,D,D,G,G,D,D,D,D,D,G,G,D,G,G,D,D,D,D,D,D,D,G,G,G,D,D,D,D,D,D,D,D,D,D,D,D,D,D,D,D,D,D,C,C,D,D,D,D,G,G,D,D,D,D,D,D,D,G,D,D,H,D,D,D,D,D,D,D,D,D,C,D,D,D,D,D,D,D,D,D,D,D,D,D,D,G,G,D,D,D,D,D,D,D,D,D,D,D,D,D,D,D,D,D,D,D,D,D,D,D,D,D,D,D,D,D,D,D,D,D,D,D,D,D,D,D,D,D,D,D,D,D,D,D,D,D,D,D,D,D,D,D,D,D,D,D,D,D,D,D,D,D,D,D,D,D,D,D,D,B,D,D,D,D,D,D,D,D,D,D,D,D,C,D,D,D,D,D,D,D,C,D,D,D,D,D,D,D,D,D,D,D,D,D,G,G,G,D,D,D,D,D,D,D,D,D,D,D,D,D,D,D,D,G,G,G,D,D,D,D,D,D,D,D,G,G,G,G,D,D,D,G,G,G,G,G,G,G,G,G,D,D,D,D,D,C,D,D,C,D,G,G,D,D,D,D,D,D,D,D,D,D,D,D,D,D,D,G,G,G,G,G,D,D,D,D,D,D,D,G,G,G,D,D,D,D,D,D,D,D,D,H,G,G
D,D,D,D,D,G,G,D,D,D,D,C,D,D,D,D,G,G,G,D,D,D,D,D,D,D,D,D,D,D,D,D,G,G,G,D,D,D,D,D,D,D,D,D,D,D,C,D,D,D,C,D,D,D,D,D,D,D,G,C,G,G,D,D,D,D,D,D,D,D,D,D,D,D,D,D,D,D,D,D,D,D,D,D,D,D,D,D,D,D,D,D,D,D,D,D,D,D,D,D,D,D,D,G,G,G,D,D,D,G,G,G,G,G,G,D,D,D,D,D,D,D,D,D,D,D,D,D,D,D,D,D,D,D,D,D,D,D,D,D,D,D,D,D,D,D,D,D,D,D,D,D,D,D,D,D,D,D,D,D,D,D,D,D,D,D,D,D,D,D,D,D,D,D,D,D,D,D,D,D,D,D,D,D,D,D,D,D,D,D,D,D,D,D,D,D,D,D,D,D,D,D,D,D,D,D,D,D,D,D,D,D,D,D,D,D,D,D,D,D,D,D,D,D,D,D,D,D,D,D,D,D,D,D,D,D,D,D,D,D,C,D,D,D,D,D,D,D,D,D,D,D,D,D,D,D,D,D,D,D,D,D,D,C,D,D,D,D,D,D,C,D,D,D,D,D,D,D,D,D,D,D,D,D,D,D,D,D,D,D,D,D,D,D,D,D,D,D,D,D,D,C,D,D,D,D,C,D,D,D,C,D,D,D,D,D,D,D,D,D,D,D,D,D,D,D,D,G,G,D,D,D,D,D,D,D,D,D,D,D,D,D,D,D,D,D,D,D,D,G,G,G,G,G,G,G,D,D,G,G,D,D,D,D,D
G,D,D,G,G,G,G,D,D,D,D,D,D,D,D,D,D,D,D,D,D,D,C,D,D,D,D,D,D,D,D,D,D,D,G,G,G,D,G,G,G,G,D,D,D,D,D,D,D,D,D,D,D,D,D,D,D,D,D,D,D,D,D,D,D,D,D,D,D,D,D,D,D,D,D,C,D,D,D,D,D,D,D,G,G,G,D,D,D,D,D,D,D,D,D,D,D,D,D,D,D,D,D,D,D,H,D,D,D,D,D,D,D,D,D,D,D,D,D,D,D,D,D,D,D,D,D,D,D,D,D,D,D,D,D,D,D,D,D,D,D,C,D,D,D,D,D,D,D,D,D,D,D,D,D,D,D,D,D,D,D,D,D,D,B,I,I,I,I,I,I,I,I,I,I,I,B,D,D,D,D,D,C,C,D,D,D,C,D,C,D,D,B,D,D,D,D,C,D,D,D,D,D,D,D,D,D,D,D,D,D,D,D,D,D,D,D,D,B,D,C,D,D,D,D,D,D,D,D,D,D,D,D,D,D,D,D,D,D,D,D,D,D,D,D,D,D,D,D,D,D,D,D,D,D,D,D,D,D,G,G,D,D,D,D,D,D,D,D,D,D,D,D,D,D,D,D,D,D,D,D,D,D,D,D,D,D,D,D,D,D,D,D,D,D,D,D,G,G,G,D,D,D,D,D,D,C,D,D,D,D,D,D,D,D,D,D,C,D,D,D,D,D,D,D,D,D,D,D,D,D,D,D,D,D,D,D,D,D,D,D,D,D,D,D,D,D,D,C,C,D,D,D,D,D,D,D,D,D,D,D,D,D,D,D
D,G,G,G,D,D,D,D,D,D,D,D,G,G,G,G,G,G,G,D,D,D,D,D,D,D,D,D,D,D,G,G,G,G,D,G,G,D,D,D,D,D,D,D,D,D,D,G,G,G,G,D,D,D,D,D,D,D,D,D,C,D,D,G,G,D,D,D,D,G,G,G,G,D,D,D,D,D,D,D,D,D,D,D,D,D,C,G,G,D,D,G,G,D,G,G,D,D,D,D,D,D,D,D,D,D,G,G,C,D,D,D,D,G,G,D,D,D,D,D,G,G,D,D,D,D,D,D,D,D,D,D,D,D,D,D,D,D,D,D,D,D,D,D,D,D,D,G,G,G,D,D,D,D,D,D,D,D,D,D,G,G,G,D,D,D,D,D,C,D,D,D,D,D,C,D,D,C,D,D,D,D,D,D,D,D,D,C,D,D,D,G,G,D,G,G,D,D,C,D,D,D,D,D,D,D,D,D,D,D,D,D,D,D,D,D,D,D,D,D,D,D,D,D,D,D,D,D,D,D,D,D,D,D,D,D,D,D,D,D,D,D,D,D,D,D,D,D,D,D,D,D,D,D,D,D,D,D,D,D,D,D,D,D,D,D,D,D,D,D,D,D,D,D,D,D,D,D,D,D,D,D,D,D,D,D,D,D,D,D,D,G,G,D,D,D,D,D,D,D,D,D,D,D,D,D,D,D,D,D,D,D,D,D,D,D,D,D,D,D,D,D,D,G,G,D,D,D,D,G,G,D,D,D,D,D,D,D,D,D,D,D,D,D,D,D,D,D,D,G,G,D,D,G,G,D,D,D,D,D,D,C,D,D,D
D,D,G,G,G,G,G,D,D,G,G,D,D,D,D,D,D,D,D,D,D,D,C,D,D,D,D,D,D,D,D,D,D,D,D,D,D,D,D,D,D,D,D,D,C,D,D,D,D,D,D,D,D,D,D,D,D,D,G,G,G,D,D,D,G,G,D,D,D,G,G,D,G,G,G,G,D,D,D,D,D,D,D,G,G,G,G,G,D,D,C,D,D,D,D,D,D,D,D,C,D,D,D,D,D,C,D,D,C,D,D,D,D,D,D,D,D,D,D,C,D,D,D,D,D,D,D,D,D,D,G,G,D,D,D,D,D,D,D,D,D,D,D,D,D,D,D,D,D,D,D,D,D,D,D,D,D,D,D,D,D,D,D,D,D,D,D,D,D,D,D,D,D,D,D,D,D,D,D,D,D,D,D,D,D,D,D,D,D,D,D,D,D,D,D,D,D,D,D,D,D,D,D,D,D,H,D,D,D,D,D,G,G,D,D,D,D,D,D,D,D,D,D,D,D,D,D,D,D,D,D,D,D,D,D,D,D,D,D,D,D,D,D,D,D,D,D,D,G,G,D,D,D,D,D,D,D,D,D,D,D,D,D,D,D,D,D,D,D,G,G,D,D,D,D,D,D,D,D,D,D,D,D,D,D,D,D,D,D,D,D,D,D,D,D,D,D,D,D,G,G,D,D,D,D,D,D,D,D,D,D,D,D,C,D,D,D,D,D,D,D,G,G,D,C,D,D,D,D,D,D,D,D,D,D,D,D,D,D,D,D,D,D,D,G,G,D,D,D,D,D,D,D,D,D,D,D,D,D,D,D,G,G,G,G
D,D,G,G,G,C,D,G,G,D,D,D,D,D,D,D,D,D,D,D,D,D,D,D,D,D,D,D,D,D,D,D,D,D,C,D,G,G,G,G,G,G,G,G,G,G,C,D,D,D,D,D,D,D,D,D,D,D,D,D,D,G,G,G,C,D,D,D,D,D,D,D,D,D,D,D,D,C,D,D,D,G,G,D,D,G,G,G,G,D,D,G,G,C,D,D,D,D,D,D,D,D,D,C,C,D,D,D,D,D,D,D,D,D,D,D,D,D,D,D,D,D,D,D,D,G,G,D,C,D,C,D,D,D,D,D,D,D,D,D,D,D,D,D,D,D,D,D,D,D,D,D,D,D,D,C,D,C,D,C,D,D,D,D,D,D,D,D,D,D,D,D,D,D,D,D,C,D,D,D,D,C,D,D,D,D,D,G,G,G,G,D,G,G,D,D,D,D,D,D,D,D,D,C,D,C,D,D,D,D,D,D,C,D,D,D,D,D,D,D,D,D,D,D,D,D,D,D,D,D,D,D,D,D,C,D,D,D,D,D,D,D,C,D,D,C,D,D,D,D,D,C,D,D,C,D,D,D,D,D,D,D,D,D,D,D,D,D,D,D,D,D,C,D,D,D,D,D,D,C,D,D,D,D,D,D,C,D,D,D,C,D,D,D,D,D,G,G,G,D,D,D,D,G,G,D,D,D,D,D,D,D,D,D,D,D,D,D,D,D,D,D,D,D,D,D,C,D,D,D,C,D,D,D,D,D,D,D,D,G,G,G,G,D,H,D,D,D,C,C,D,G,G,D,D,D,D,D,D,D,D,G,G,G,G
C,D,D,D,D,G,G,G,G,G,G,G,G,G,G,G,G,G,G,G,D,D,D,D,D,D,D,D,D,D,G,G,D,D,D,D,D,D,G,G,G,G,D,D,D,G,G,D,D,G,G,G,G,D,G,G,G,G,G,C,C,H,D,D,D,D,D,D,C,D,D,D,G,G,D,D,D,D,D,D,C,D,D,D,G,G,G,G,G,D,C,D,D,D,D,C,D,D,D,D,D,D,D,D,D,D,D,C,D,D,D,D,C,D,D,D,D,D,D,D,B,D,C,D,D,D,D,D,D,D,D,D,D,D,D,D,D,D,D,D,D,C,D,D,D,D,D,D,D,D,D,C,D,D,C,D,G,G,D,D,D,D,D,D,D,D,D,D,D,C,D,D,D,D,D,D,D,D,D,D,D,C,C,D,D,D,D,C,C,C,D,D,D,D,D,D,D,D,D,D,D,D,D,D,D,D,D,D,C,D,D,D,B,D,D,D,D,D,D,D,D,D,D,D,D,D,D,D,D,D,D,D,D,D,D,D,D,D,D,D,D,D,D,C,D,D,D,D,D,D,D,D,D,D,D,D,D,D,D,D,D,D,D,C,D,D,D,D,D,D,D,D,D,C,D,C,D,D,D,D,D,D,D,G,G,D,D,D,D,D,D,D,D,D,C,D,D,D,D,C,D,B,D,D,D,D,D,D,D,D,D,D,D,D,D,D,D,C,D,D,D,D,D,B,C,D,G,G,D,D,D,D,D,D,D,D,C,D,D,D,D,D,D,D,D,D,C,H,G,G,D,C,D,D,D,D,D,D,D,D,D,D,D,C,D
C,D,B,D,D,D,C,D,D,D,D,D,D,D,C,D,D,D,C,D,D,C,D,D,D,G,G,G,G,D,D,D,C,H,G,G,G,G,G,G,D,C,D,D,C,D,D,D,G,G,G,G,G,D,D,D,D,D,D,C,D,D,D,D,D,D,C,D,D,G,G,D,D,D,D,C,D,G,G,G,D,C,D,G,G,G,D,D,D,D,C,D,D,D,D,D,D,C,D,C,D,D,D,D,D,D,D,D,D,C,C,D,C,G,G,G,G,G,G,D,D,D,D,C,D,D,G,G,G,G,D,D,D,C,D,D,D,G,G,D,D,D,D,D,D,D,D,C,D,D,D,D,D,D,D,D,D,D,D,D,D,C,C,C,D,D,D,C,D,D,D,D,D,D,D,D,D,D,C,D,D,D,D,D,D,D,C,D,D,D,D,D,D,D,C,D,D,D,D,D,H,D,C,D,D,D,D,D,D,D,C,D,D,D,C,D,D,D,D,D,D,D,D,D,D,D,D,D,D,D,D,D,D,C,D,D,D,D,D,D,D,D,D,D,D,C,D,D,D,D,D,D,D,D,D,D,D,D,D,D,D,D,D,D,C,D,D,D,D,D,D,D,D,D,D,D,D,G,G,G,D,D,D,D,D,D,D,D,C,D,D,D,D,D,D,D,D,D,D,D,D,D,D,D,D,D,D,D,D,D,D,D,C,D,D,D,D,D,D,D,D,C,D,D,D,D,D,C,D,G,G,G,D,D,D,D,D,D,G,G,D,D,D,D,D,D,G,G,D,D,C,D,D,D,D,D,G,G,G,G,G,D,G,G,D
D,D,D,D,G,G,D,G,G,D,G,G,G,D,G,G,G,G,D,D,G,G,G,G,G,G,G,D,D,D,D,D,D,D,D,D,D,D,D,D,D,D,D,D,G,G,G,D,D,D,D,D,D,D,D,G,G,D,D,D,D,G,G,G,G,D,D,D,D,G,G,G,D,D,D,D,D,D,D,D,D,D,D,D,D,D,D,D,D,D,D,D,D,D,D,D,D,D,D,D,D,D,D,D,D,D,D,D,G,G,D,D,D,D,D,D,D,D,D,D,D,D,D,D,D,G,G,G,G,D,D,D,D,D,G,G,D,D,D,D,D,D,D,D,D,D,D,D,D,D,D,D,D,D,D,D,D,D,D,D,D,D,D,C,D,H,D,G,G,D,D,D,D,D,D,D,D,C,D,D,D,D,D,D,D,D,D,D,D,D,D,D,D,D,D,D,D,D,D,C,D,D,D,D,D,D,D,D,D,D,D,D,D,D,B,D,D,D,D,D,D,D,D,D,D,D,D,D,D,D,D,D,D,D,D,D,D,D,D,D,D,C,D,D,D,D,D,D,D,D,D,D,D,D,D,D,D,D,D,D,D,D,D,D,D,D,D,D,D,D,D,D,D,D,D,D,D,D,D,D,D,D,D,D,D,D,D,D,D,D,D,D,D,D,D,D,D,D,D,D,D,D,D,D,G,G,G,D,D,D,D,D,D,D,D,D,D,D,D,D,D,D,D,D,D,D,D,D,D,D,D,D,D,D,D,D,D,D,D,D,D,D,D,D,D,D,G,G,G,G,G,D,C,D,D,D,G,G,D,D,D,D,C,D,D
D,D,D,D,D,D,D,D,D,D,D,D,D,D,D,D,D,D,D,G,G,G,G,D,D,D,D,G,G,D,G,G,G,D,D,D,D,D,D,D,D,D,D,D,D,D,D,D,D,D,G,G,G,G,D,G,G,G,G,D,C,D,D,G,G,G,D,D,D,D,D,D,D,D,D,D,D,D,D,D,D,D,D,C,D,D,D,D,D,C,C,B,C,C,C,C,C,B,B,C,C,C,C,C,C,C,D,G,G,C,C,C,C,D,B,C,C,C,D,D,D,D,D,D,D,D,D,D,D,D,D,D,D,D,D,D,D,D,D,D,D,D,D,D,D,D,D,D,C,D,D,D,D,D,D,D,D,D,D,D,D,D,D,D,D,D,C,D,D,C,C,C,D,D,C,D,C,D,D,D,D,B,I,H,A,I,I,I,I,I,I,I,I,I,I,I,I,I,I,I,I,I,I,I,I,I,I,H,I,I,I,I,I,I,I,I,I,I,I,I,I,I,I,I,I,I,I,H,I,I,I,I,I,I,None,G,G,I,I,I,I,I,I,I,I,I,I,I,I,I,I,I,I,I,I,I,I,I,I,I,I,I,I,I,I,H,I,I,H,I,I,I,I,A,H,I,I,I,I,I,I,I,I,I,I,I,I,I,H,I,I,I,I,I,I,I,I,I,I,I,I,I,A,G,G,None,None,H,H,I,I,I,I,I,I,I,I,I,H,I,I,I,I,I,B,G,G,G,I,I,I,I,I,I,I,I,I,I,I,G,G,G,None,G,G,G,I,I,I,I,A,D,C,D,D,D,D,D,D,D,G,G,G,D,D
D,B,G,G,G,G,G,D,D,C,D,D,G,G,G,G,D,D,D,D,D,G,G,G,G,G,D,D,D,D,C,D,D,D,D,D,D,D,D,D,D,G,G,D,D,D,D,D,G,G,G,D,D,D,D,D,C,H,G,G,D,D,D,D,D,D,D,D,D,D,D,D,D,D,D,C,D,D,D,D,D,D,D,D,D,D,D,D,D,D,D,G,G,G,G,D,D,D,D,D,D,D,D,D,D,D,D,D,D,D,D,D,D,D,D,D,D,D,C,C,D,D,D,D,D,C,D,D,D,D,D,D,D,D,D,D,D,G,D,D,D,D,D,D,D,D,D,D,D,D,D,D,D,D,D,G,G,G,G,D,D,D,D,D,D,D,D,D,D,D,D,D,D,C,D,D,D,D,D,D,D,D,D,D,D,D,D,D,D,D,D,D,D,D,D,D,D,D,D,D,D,D,D,C,D,D,C,D,D,D,D,D,D,D,D,D,D,D,D,D,D,D,D,D,D,D,D,D,D,D,D,D,D,D,D,D,D,D,D,D,D,D,D,D,D,D,D,D,D,C,D,D,D,D,D,D,D,G,G,G,D,D,D,D,D,D,D,G,G,G,D,D,D,D,D,D,D,D,G,G,C,D,D,D,D,D,D,D,D,D,D,D,D,D,D,D,D,D,D,D,D,C,D,C,D,D,D,D,D,D,D,D,D,D,G,G,H,G,G,D,D,D,D,D,D,D,D,C,D,D,G,G,C,D,G,G,D,D,D,G,G,G,G,D,D,D,D,D,D,C,D,D,G,G,D,D,D,D,D,D,D,D,D,D,D
D,D,H,G,G,G,D,C,H,G,G,G,G,G,D,G,G,D,C,C,C,D,C,D,D,D,D,D,D,B,H,G,G,C,G,G,G,G,G,G,G,D,D,H,D,G,G,G,G,D,G,G,H,G,G,G,G,D,D,D,D,H,C,D,G,G,G,D,D,D,D,D,G,G,D,D,D,D,D,D,D,D,D,D,G,G,G,G,G,D,G,G,D,G,G,D,D,D,D,D,D,G,G,G,G,D,D,D,D,D,D,D,D,D,D,D,D,D,D,D,D,D,G,G,G,G,G,G,D,D,D,D,C,D,D,C,D,D,D,D,D,D,D,D,D,G,G,D,D,D,D,D,D,D,D,D,C,D,D,D,D,H,D,D,D,D,D,D,D,D,D,D,D,D,D,D,D,D,D,D,D,C,D,H,D,D,D,D,D,D,D,D,D,D,D,D,D,D,D,D,D,D,D,D,D,D,D,D,D,D,D,D,C,D,C,D,D,D,D,C,D,D,D,D,D,D,C,I,D,D,D,D,D,D,D,D,D,D,D,D,D,D,D,G,G,D,D,D,D,D,D,D,D,D,D,D,D,D,D,D,D,D,D,D,D,D,D,D,D,D,D,D,D,D,D,D,D,D,D,D,D,D,D,D,D,D,D,D,C,D,D,D,D,C,D,D,D,G,G,G,D,D,C,D,C,D,D,D,D,D,D,D,D,D,D,D,D,D,C,D,D,D,D,D,D,D,D,D,D,D,D,D,D,D,D,D,C,G,G,G,G,G,D,D,D,D,D,D,D,D,D,D,D,G,G,G,D,I,I,D,D,D,D,I,I
I,I,I,I,I,I,I,I,I,None,I,I,I,I,I,I,None,I,None,A,G,G,I,I,A,B,G,G,I,I,None,A,I,I,A,G,G,G,I,None,G,G,I,I,I,I,I,I,I,H,I,I,I,I,I,I,I,I,I,I,I,I,None,G,G,H,I,I,I,A,A,I,I,A,G,G,I,I,None,G,G,I,H,None,H,I,I,I,I,None,G,G,G,G,G,H,G,G,G,G,None,G,G,G,I,I,I,I,I,I,I,H,G,G,G,G,I,I,G,G,G,G,None,I,I,I,I,I,H,I,I,I,I,I,I,I,I,I,I,H,H,B,G,G,I,I,I,I,H,I,I,None,G,G,G,G,I,I,I,I,I,I,I,I,I,I,I,I,I,I,I,I,I,I,I,I,I,I,I,I,I,I,I,I,I,I,I,I,B,B,I,I,H,I,I,I,I,I,I,I,I,I,I,I,I,I,I,I,I,I,I,I,I,I,I,I,I,I,I,I,I,I,I,I,I,I,I,I,I,I,I,I,I,I,I,I,I,I,I,I,I,I,I,H,I,I,I,I,I,I,I,None,I,I,I,I,I,I,I,I,None,A,I,None,H,I,I,I,I,I,I,I,I,I,I,I,I,I,I,I,I,I,I,I,I,I,I,H,I,I,I,I,I,I,I,I,I,I,I,I,I,H,I,I,I,I,I,I,I,I,I,H,A,I,I,I,I,I,I,I,H,A,H,A,I,I,I,I,I,I,I,I,I,I,I,I,I,I,I,I,I,I,I,I,I,I,I,A,I,I,I,I,I,I,I,I,I,I,I,I,I,I,I,I,None
None,None,None,None,None,None,None,None,None,None,None,None,None,None,None,None,None,None,None,None,None,None,None,None,None,None,None,None,None,None,None,None,None,None,None,None,None,None,None,None,None,None,None,None,None,None,None,None,None,None,None,None,None,None,None,None,None,None,None,None,None,None,None,None,None,None,None,None,None,None,None,None,None,None,None,None,None,None,None,None,None,None,None,None,None,None,None,None,None,None,None,None,None,None,None,None,None,None,None,None,None,None,None,None,None,None,None,None,None,None,None,None,None,None,None,None,None,None,None,None,None,None,None,None,None,None,None,None,None,None,None,None,None,None,None,None,None,None,None,None,None,None,None,None,None,None,None,None,None,None,None,None,None,None,None,None,None,None,None,None,None,None,None,None,None,None,None,None,None,None,None,None,None,None,None,None,None,None,None,None,None,None,None,None,None,None,None,None,None,None,None,None,None,None,None,None,None,None,None,None,None,None,None,None,None,None,None,None,None,None,None,None,None,None,None,None,None,None,None,None,None,None,None,None,None,None,None,None,None,None,None,None,None,None,None,None,None,None,None,None,None,None,None,None,None,None,None,None,None,None,None,None,None,None,None,None,None,None,None,None,None,None,None,None,None,None,None,None,None,None,None,None,None,None,None,None,None,None,None,None,None,None,None,None,None,None,None,None,None,None,None,None,None,None,None,None,None,None,None,None,None,None,None,None,None,None,None,None,None,None,None,None,None,None,None,None,None,None,None,None,None,None,None,None,None,None,None,None,None,None,None,None,None,None,None,None,None,None,None,None,None,None,None,None,None,None,None,None,None,None,None,None,None,None,None,None,None,None,None,None,None,None,None,None,None
None,None,None,None,None,None,None,None,None,None,None,None,None,None,None,None,None,None,None,None,None,None,None,None,None,None,None,None,None,None,None,None,None,None,None,None,None,None,None,None,None,None,None,None,None,None,None,None,None,None,None,None,None,None,None,None,None,None,None,None,None,None,None,None,None,None,None,None,None,None,None,None,None,None,None,None,None,None,None,None,None,None,None,None,None,None,None,None,None,None,None,None,None,None,None,None,None,None,None,None,None,None,None,None,None,None,None,None,None,None,None,None,None,None,None,None,None,None,None,None,None,None,None,None,None,None,None,None,None,None,None,None,None,None,None,None,None,None,None,None,None,None,None,None,None,None,None,None,None,None,None,None,None,None,None,None,None,None,None,None,None,None,None,None,None,None,None,None,None,None,None,None,None,None,None,None,None,None,None,None,None,None,None,None,None,None,None,None,None,None,None,None,None,None,None,None,None,None,None,None,None,None,None,None,None,None,None,None,None,None,None,None,None,None,None,None,None,None,None,None,None,None,None,None,None,None,None,None,None,None,None,None,None,None,None,None,None,None,None,None,None,None,None,None,None,None,None,None,None,None,None,None,None,None,None,None,None,None,None,None,None,None,None,None,None,None,None,None,None,None,None,None,None,None,None,None,None,None,None,None,None,None,None,None,None,None,None,None,None,None,None,None,None,None,None,None,None,None,None,None,None,None,None,None,None,None,None,None,None,None,None,None,None,None,None,None,None,None,None,None,None,None,None,None,None,None,None,None,None,None,None,None,None,None,None,None,None,None,None,None,None,None,None,None,None,None,None,None,None,None,None,None,None,None,None,None,None,None,None,None,None,None,None,None,None
None,None,None,None,None,None,None,None,None,None,None,None,None,None,None,None,None,None,None,None,None,None,None,None,None,None,None,None,None,None,None,None,None,None,None,None,None,None,None,None,None,None,None,None,None,None,None,None,None,None,None,None,None,None,None,None,None,None,None,None,None,None,None,None,None,None,None,None,None,None,None,None,None,None,None,None,None,None,None,None,None,None,None,None,None,None,None,None,None,None,None,None,None,None,None,None,None,None,None,None,None,None,None,None,None,None,None,None,None,None,None,None,None,None,None,None,None,None,None,None,None,None,None,None,None,None,None,None,None,None,None,None,None,None,None,None,None,None,None,None,None,None,None,None,None,None,None,None,None,None,None,None,None,None,None,None,None,None,None,None,None,None,None,None,None,None,None,None,None,None,None,None,None,None,None,None,None,None,None,None,None,None,None,None,None,None,None,None,None,None,None,None,None,None,None,None,None,None,None,None,None,None,None,None,None,None,None,None,None,None,None,None,None,None,None,None,None,None,None,None,None,None,None,None,None,None,None,None,None,None,None,None,None,None,None,None,None,None,None,None,None,None,None,None,None,None,None,None,None,None,None,None,None,None,None,None,None,None,None,None,None,None,None,None,None,None,None,None,None,None,None,None,None,None,None,None,None,None,None,None,None,None,None,None,None,None,None,None,None,None,None,None,None,None,None,None,None,None,None,None,None,None,None,None,None,None,None,None,None,None,None,None,None,None,None,None,None,None,None,None,None,None,None,None,None,None,None,None,None,None,None,None,None,None,None,None,None,None,None,None,None,None,None,None,None,None,None,None,None,None,None,None,None,None,None,None,None,None,None,None,None,None,None,None,None
None,None,None,None,None,None,None,None,None,None,None,None,None,None,None,None,None,None,None,None,None,None,None,None,None,None,None,None,None,None,None,None,None,None,None,None,None,None,None,None,None,None,None,None,None,None,None,None,None,None,None,None,None,None,None,None,None,None,None,None,None,None,None,None,None,None,None,None,None,None,None,None,None,None,None,None,None,None,None,None,None,None,None,None,None,None,None,None,None,None,None,None,None,None,None,None,None,None,None,None,None,None,None,None,None,None,None,None,None,None,None,None,None,None,None,None,None,None,None,None,None,None,None,None,None,None,None,None,None,None,None,None,None,None,None,None,None,None,None,None,None,None,None,None,None,None,None,None,None,None,None,None,None,None,None,None,None,None,None,None,None,None,None,None,None,None,None,None,None,None,None,None,None,None,None,None,None,None,None,None,None,None,None,None,None,None,None,None,None,None,None,None,None,None,None,None,None,None,None,None,None,None,None,None,None,None,None,None,None,None,None,None,None,None,None,None,None,None,None,None,None,None,None,None,None,None,None,None,None,None,None,None,None,None,None,None,None,None,None,None,None,None,None,None,None,None,None,None,None,None,None,None,None,None,None,None,None,None,None,None,None,None,None,None,None,None,None,None,None,None,None,None,None,None,None,None,None,None,None,None,None,None,None,None,None,None,None,None,None,None,None,None,None,None,None,None,None,None,None,None,None,None,None,None,None,None,None,None,None,None,None,None,None,None,None,None,None,None,None,None,None,None,None,None,None,None,None,None,None,None,None,None,None,None,None,None,None,None,None,None,None,None,None,None,None,None,None,None,None,None,None,None,None,None,None,None,None,None,None,None,None,None,None,None,None
None,None,None,None,None,None,None,None,None,None,None,None,None,None,None,None,None,None,None,None,None,None,None,None,None,None,None,None,None,None,None,None,None,None,None,None,None,None,None,None,None,None,None,None,None,None,None,None,None,None,None,None,None,None,None,None,None,None,None,None,None,None,None,None,None,None,None,None,None,None,None,None,None,None,None,None,None,None,None,None,None,None,None,None,None,None,None,None,None,None,None,None,None,None,None,None,None,None,None,None,None,None,None,None,None,None,None,None,None,None,None,None,None,None,None,None,None,None,None,None,None,None,None,None,None,None,None,None,None,None,None,None,None,None,None,None,None,None,None,None,None,None,None,None,None,None,None,None,None,None,None,None,None,None,None,None,None,None,None,None,None,None,None,None,None,None,None,None,None,None,None,None,None,None,None,None,None,None,None,None,None,None,None,None,None,None,None,None,None,None,None,None,None,None,None,None,None,None,None,None,None,None,None,None,None,None,None,None,None,None,None,None,None,None,None,None,None,None,None,None,None,None,None,None,None,None,None,None,None,None,None,None,None,None,None,None,None,None,None,None,None,None,None,None,None,None,None,None,None,None,None,None,None,None,None,None,None,None,None,None,None,None,None,None,None,None,None,None,None,None,None,None,None,None,None,None,None,None,None,None,None,None,None,None,None,None,None,None,None,None,None,None,None,None,None,None,None,None,None,None,None,None,None,None,None,None,None,None,None,None,None,None,None,None,None,None,None,None,None,None,None,None,None,None,None,None,None,None,None,None,None,None,None,None,None,None,None,None,None,None,None,None,None,None,None,None,None,None,None,None,None,None,None,None,None,None,None,None,None,None,None,None,None,None,None
G,None,G,G,G,G,A,G,G,G,G,G,G,I,I,I,I,I,I,I,I,I,I,I,I,B,C,A,G,G,I,I,I,I,I,I,A,B,G,G,I,G,G,G,I,I,I,None,G,G,G,G,G,G,G,G,I,I,I,I,None,H,H,G,G,I,I,I,I,I,I,H,I,I,I,I,None,G,G,G,I,G,G,G,G,I,H,I,I,I,I,I,I,H,I,I,I,I,H,I,I,I,I,I,I,I,I,H,I,I,I,None,G,G,G,G,G,G,G,G,I,I,I,I,H,G,G,G,H,I,I,I,I,I,I,I,I,I,I,I,I,I,I,I,I,I,I,I,H,I,I,I,B,I,I,H,I,I,I,I,I,H,I,I,I,I,I,I,I,I,I,I,I,I,I,I,I,None,I,I,I,I,I,I,I,I,I,I,I,I,I,I,I,I,I,I,I,I,I,I,I,I,I,H,I,I,I,I,I,I,I,I,I,I,I,I,I,H,I,I,I,I,I,I,I,I,None,I,I,I,I,I,I,I,I,I,I,I,I,I,I,I,I,I,I,I,I,I,I,I,I,I,I,I,I,I,I,I,I,I,I,I,G,G,G,I,I,I,I,G,G,I,I,I,I,H,I,I,I,I,I,I,I,I,I,I,I,I,C,G,G,G,G,I,B,I,I,H,I,I,H,I,I,I,I,I,I,I,I,I,I,I,I,H,H,I,I,I,I,I,I,I,I,I,I,I,I,I,I,I,I,I,I,I,I,None,G,G,I,I,I,I,G,G,G,I,I,I,I,I,I,I,I,I,I,I,I,I,I,I,I,H,I,I,None
G,G,G,G,I,I,I,I,I,I,I,I,I,H,H,I,I,I,I,I,I,I,I,I,I,I,H,I,I,I,I,I,I,I,I,I,I,I,I,I,I,I,I,I,I,I,I,I,G,G,G,G,I,I,I,I,I,B,G,G,I,A,H,I,I,G,G,I,None,G,G,G,G,I,I,A,G,G,G,G,G,I,I,I,H,I,G,G,G,G,D,I,H,G,G,G,G,I,I,A,I,I,I,A,B,I,I,I,I,I,I,I,G,G,I,I,H,H,I,I,I,H,H,H,I,I,I,I,I,I,I,I,I,I,I,I,I,I,I,I,I,G,G,G,I,H,I,I,I,I,I,I,I,I,I,I,I,I,I,H,I,H,H,I,I,I,I,I,I,I,I,I,I,I,I,I,I,I,I,I,I,I,I,I,I,I,I,I,I,I,I,I,I,I,I,I,I,H,I,I,I,I,H,A,I,I,I,H,I,I,A,H,I,I,H,H,I,I,I,I,I,I,I,I,I,I,I,I,I,I,I,I,I,I,I,I,I,I,I,I,I,I,I,I,I,None,H,I,I,I,I,I,I,I,I,I,I,I,I,I,I,I,I,I,I,I,I,I,I,I,I,I,I,I,H,I,I,I,I,I,I,H,I,I,I,G,G,I,I,I,I,I,I,I,I,I,I,I,I,I,I,I,I,I,I,I,I,I,I,I,I,I,I,I,I,I,I,I,I,I,I,I,I,I,I,I,I,I,I,I,B,H,I,I,I,I,I,I,I,I,I,I,I,G,G,I,I,I,I,A,G,G,I,I,I,A,I,I,I,I,A,I,I,I,I
I,I,I,I,G,G,I,I,I,I,I,B,I,I,I,I,I,I,I,I,I,I,I,I,I,I,I,I,I,G,G,G,G,I,I,I,I,I,I,I,I,B,I,I,G,G,I,I,I,G,G,G,H,G,G,I,I,B,C,I,I,I,I,I,I,I,I,I,I,I,I,I,G,G,I,I,I,I,H,G,G,G,I,I,I,G,G,G,I,I,I,I,I,I,I,I,I,I,I,I,I,I,I,I,B,I,I,I,I,B,B,H,G,G,I,I,I,I,I,I,H,I,I,I,I,I,I,I,I,I,I,I,I,I,I,None,I,I,I,I,H,I,I,I,I,I,I,I,I,I,I,I,I,I,I,I,I,I,I,I,I,I,I,I,I,I,I,I,I,I,I,I,I,I,I,I,I,I,I,I,I,I,I,I,I,I,I,I,I,I,I,I,I,I,I,I,I,I,I,I,I,I,I,H,I,I,I,I,I,I,I,I,I,I,I,I,I,I,I,I,I,I,I,I,None,I,I,I,I,I,I,I,I,I,I,I,I,H,I,I,I,G,G,I,H,I,I,I,I,I,I,I,I,I,I,I,I,I,I,I,I,I,H,I,G,G,G,I,I,I,I,I,I,I,I,I,I,I,I,I,I,I,I,I,I,G,G,G,H,H,I,I,I,I,I,I,I,I,I,H,H,I,I,I,I,I,I,I,I,I,I,I,I,I,I,H,I,I,I,I,I,I,I,I,I,I,I,I,I,I,I,I,I,B,G,G,I,I,I,I,G,G,G,G,G,I,I,I,I,I,I,I,G,G,G,G,I,I,I,I,I,I,I,I,I
I,I,I,H,G,G,G,G,I,I,I,I,I,I,I,I,I,I,I,I,H,C,I,G,G,G,G,G,G,G,I,I,I,C,H,I,I,I,I,I,I,I,I,I,G,G,I,I,I,I,A,B,G,G,G,G,G,I,I,H,I,I,I,I,I,I,I,I,I,I,I,I,I,I,G,G,I,I,I,I,I,I,I,I,I,I,I,I,I,I,I,I,G,G,G,H,I,I,I,I,None,I,I,I,I,I,I,I,I,I,I,I,I,I,I,I,I,I,I,I,I,I,I,I,I,I,B,I,I,I,I,H,I,I,I,I,I,I,None,I,G,G,G,G,I,I,I,I,I,I,I,I,I,I,A,I,I,I,I,I,I,I,I,I,I,I,I,I,None,I,I,I,I,I,I,I,I,I,I,I,I,I,I,I,I,I,I,I,I,I,I,I,I,I,I,I,I,I,I,I,I,I,I,I,I,I,I,I,I,I,I,I,None,I,I,I,I,I,I,I,I,I,I,I,I,I,I,I,I,I,I,I,I,I,I,I,I,I,I,I,I,I,I,None,I,I,I,I,I,I,I,I,I,I,I,I,I,I,I,I,I,I,I,I,None,I,I,I,I,I,I,I,I,I,I,I,H,I,I,I,I,I,I,I,I,I,I,None,I,I,I,I,I,I,I,I,I,I,I,I,I,I,I,H,I,B,I,A,I,I,I,I,H,I,I,I,I,I,I,I,I,I,I,I,I,I,I,I,H,G,G,G,G,I,I,I,I,I,I,I,I,I,I,I,I,I,I,H,G,G,G,G,G,I,I,B,I,H,G,G,G,I,I,I,I
I,I,G,G,I,I,I,I,I,I,I,I,I,I,I,I,I,I,I,I,C,H,G,G,G,H,I,I,I,H,H,I,I,I,I,H,G,G,G,G,G,G,H,A,G,G,B,D,H,I,I,I,H,H,I,I,I,H,I,I,I,I,H,I,I,I,I,I,I,I,H,I,H,I,I,I,I,I,I,H,B,I,I,I,I,I,I,I,I,None,I,I,H,I,I,I,H,H,I,H,I,I,I,I,I,I,I,I,I,I,I,I,I,H,I,I,I,I,I,I,I,I,I,I,I,I,I,I,I,I,I,I,I,I,I,I,I,I,I,I,I,I,I,I,I,I,I,I,I,I,I,I,I,B,None,I,I,I,I,I,I,I,I,I,I,I,I,I,I,I,I,I,I,I,I,I,I,I,I,I,I,I,I,I,I,I,I,I,I,I,I,I,I,I,I,I,I,I,I,None,I,I,I,I,I,I,I,I,I,I,I,I,I,I,I,H,I,I,I,I,I,I,I,I,I,I,I,I,I,I,I,I,I,I,I,I,I,I,I,I,I,I,I,I,A,I,I,I,I,I,I,I,I,I,I,I,I,I,I,I,I,I,I,I,I,I,I,I,I,I,I,I,H,I,I,I,I,I,I,I,I,I,I,I,I,H,H,I,I,I,I,I,I,I,I,I,I,I,I,I,I,I,I,I,I,I,I,I,I,I,I,I,I,I,I,I,I,I,I,I,I,I,I,I,I,I,I,I,I,I,I,B,I,I,I,I,A,I,I,H,G,G,G,I,G,G,G,G,G,I,I,I,I,I,I,G,G,G,I,I,I,I,I,None,G
I,I,I,I,I,I,I,I,I,I,I,I,B,I,I,I,H,G,G,G,G,G,G,G,I,A,G,G,I,I,I,I,I,I,I,B,G,G,G,B,G,G,I,I,I,I,I,I,I,I,G,G,G,G,H,H,I,A,G,G,I,I,G,G,I,G,G,I,I,I,I,I,I,I,I,I,I,I,I,I,I,I,I,I,I,I,I,I,I,I,I,I,I,I,G,G,G,I,I,I,I,G,G,G,I,I,I,I,I,I,G,G,G,I,I,I,I,G,G,G,I,I,I,I,I,I,I,I,I,I,I,I,I,I,I,I,I,D,I,I,I,I,H,I,I,I,I,I,I,I,I,I,I,I,I,I,I,I,I,I,I,I,I,I,I,I,I,I,I,I,I,I,I,I,I,I,I,I,I,I,I,A,I,I,I,I,I,I,I,I,I,I,I,I,I,I,H,I,I,I,I,I,I,I,I,I,I,I,I,I,None,I,I,I,I,I,I,I,I,I,I,I,I,I,I,I,I,I,I,I,I,I,I,I,I,I,H,I,I,I,I,I,I,I,I,I,I,I,I,I,B,I,I,I,I,I,I,I,I,I,I,I,I,I,I,I,I,I,I,I,I,I,None,G,G,I,H,H,H,I,I,I,None,I,I,I,I,I,I,H,G,G,G,G,G,G,G,H,I,I,I,I,A,I,I,I,I,I,None,I,I,B,I,I,I,I,I,I,I,I,I,I,I,G,G,G,G,G,G,G,I,G,G,I,I,I,I,I,A,G,G,I,I,I,I,I,I,I,B,G,G,G,G,G,G,G,G,G,I,G,G,I,B,H,I
I,A,G,G,G,I,I,I,I,I,I,I,I,I,I,I,I,I,I,I,I,I,I,I,I,I,I,I,I,A,G,G,I,I,I,I,I,I,I,I,I,I,I,I,I,H,G,G,G,G,G,G,I,I,I,H,G,G,G,I,I,H,I,I,I,C,I,I,I,I,I,I,I,I,I,I,I,H,H,G,G,G,G,G,G,G,G,G,I,I,I,I,I,I,I,I,I,G,G,G,I,I,I,I,I,I,I,I,I,I,I,I,H,G,G,G,I,I,I,None,I,I,I,I,I,I,I,I,I,H,I,I,I,H,A,I,C,G,G,G,I,I,I,I,I,I,I,I,H,I,I,I,I,I,I,None,I,I,I,I,I,I,I,I,I,I,I,I,I,I,I,I,I,I,I,I,I,I,I,I,I,I,I,I,I,I,H,A,None,I,I,I,I,I,I,I,I,I,I,I,I,I,I,I,I,I,I,I,I,I,I,A,A,A,I,None,I,I,I,I,I,I,I,I,I,I,I,I,I,I,I,I,I,I,I,I,I,I,I,I,I,I,I,I,G,G,G,G,G,G,G,G,G,G,G,G,G,G,G,G,G,G,G,G,G,G,G,G,G,G,G,G,G,G,G,G,G,G,G,G,G,G,G,G,G,G,G,G,G,G,G,G,G,G,G,G,G,G,G,G,G,G,G,G,G,G,G,G,G,G,G,G,G,G,G,G,G,G,G,G,G,G,G,G,G,G,G,G,G,G,G,G,G,G,G,G,G,G,G,G,G,G,G,G,G,G,G,G,G,G,G,G,G,G,G,G,G,G,G,G,G,G,G,G,G
G,G,G,G,G,G,G,G,G,G,G,G,G,G,G,G,G,G,G,G,G,G,G,G,G,G,G,G,G,G,G,G,G,G,G,G,G,G,G,G,G,G,G,G,G,G,G,G,G,G,G,G,G,G,G,G,G,G,G,G,G,G,G,G,G,G,G,G,G,G,G,G,G,G,G,G,G,G,G,G,G,G,G,G,G,G,G,G,G,G,G,G,G,G,G,G,G,G,G,G,G,G,G,G,G,G,G,G,G,G,G,G,G,G,G,G,G,G,G,G,G,G,G,G,G,G,G,G,G,G,G,G,G,G,G,G,G,G,G,G,G,G,G,G,G,G,G,G,G,G,G,G,G,G,G,G,G,G,G,G,G,G,G,G,G,G,G,G,G,G,G,G,G,G,G,G,G,G,G,G,G,G,G,G,G,G,G,G,G,G,G,G,G,G,G,G,G,G,G,G,G,G,G,G,G,G,G,G,G,G,G,G,I,G,G,G,G,G,G,G,G,G,G,G,G,G,G,G,G,G,G,G,G,G,G,G,G,G,G,G,G,G,G,G,G,G,G,G,G,G,G,G,G,G,G,G,G,G,G,G,G,G,G,G,G,G,G,G,G,G,G,G,G,G,G,G,G,G,G,G,G,G,G,G,G,G,G,G,G,G,G,G,G,G,G,G,G,G,G,G,G,G,G,G,G,G,G,G,G,G,G,G,G,G,G,G,G,G,G,G,G,G,G,G,G,G,G,G,G,G,G,G,G,G,G,G,G,G,G,G,G,G,G,G,G,G,G,G,G,G,G,G,G,G,G,G,G,G,G,G,G,G,G,G,G
G,G,G,G,G,G,G,G,G,G,G,G,G,G,G,G,G,G,G,G,G,G,G,G,G,G,G,G,G,G,G,G,G,G,I,G,G,G,G,G,G,G,G,G,G,G,G,G,G,G,G,G,G,G,G,G,G,G,G,G,G,G,G,G,G,G,G,G,G,G,G,G,G,G,G,G,G,G,G,G,G,G,G,G,G,G,G,G,G,G,G,G,G,G,G,G,G,G,G,G,G,G,G,G,G,G,G,G,G,G,G,G,G,G,G,G,G,G,G,G,G,G,G,G,G,G,G,G,G,G,G,G,G,G,G,G,G,G,G,G,G,G,G,G,G,G,G,G,G,G,G,G,G,G,G,G,G,G,G,G,G,G,G,G,G,G,G,G,G,G,G,G,G,G,G,G,G,G,G,G,G,G,G,G,G,G,G,G,G,G,G,G,G,G,G,G,G,G,G,G,G,G,G,G,G,G,G,G,G,G,G,G,G,G,G,G,G,G,G,G,G,G,G,G,G,G,G,G,G,G,G,G,G,G,G,G,G,G,G,G,G,G,G,G,G,G,G,G,G,G,G,G,G,G,G,G,G,G,G,G,G,G,G,G,G,G,G,G,G,G,G,G,G,G,G,G,G,G,G,G,G,G,G,G,G,G,G,G,G,G,G,G,G,G,G,G,G,G,G,G,G,G,G,G,G,G,G,G,G,G,G,G,G,G,G,G,G,G,G,G,G,G,G,G,G,G,G,G,G,G,G,G,G,G,G,G,G,G,G,G,G,G,G,G,G,G,G,G,G,G,G,G,G,G,G,G,G,G,G,G,G,G,G,G,G
G,G,G,G,G,G,G,G,G,G,G,G,G,G,G,G,G,G,G,G,G,G,G,G,G,G,G,G,G,G,G,G,G,G,G,G,G,G,G,G,G,G,G,G,G,G,G,G,G,G,G,G,G,G,G,G,G,G,G,G,G,G,G,G,G,G,G,G,G,G,G,G,G,G,G,G,G,G,G,G,G,G,G,G,G,G,G,G,G,G,G,G,G,G,G,G,G,G,G,G,G,G,G,G,G,G,G,G,G,G,G,G,G,G,G,G,G,G,G,G,G,G,G,G,G,G,G,G,G,G,G,G,G,G,G,G,G,G,G,G,G,G,G,G,G,G,G,G,G,G,G,G,G,G,G,G,G,G,G,G,G,G,G,G,G,G,G,G,G,G,G,G,G,G,G,G,G,G,G,G,G,G,G,G,G,G,G,G,G,G,G,G,G,G,G,G,G,G,G,G,G,G,G,G,G,G,G,G,G,G,G,G,G,G,G,G,G,G,G,G,G,G,G,G,G,G,G,G,G,G,G,G,G,G,G,G,G,G,G,G,G,G,G,G,G,G,G,G,G,G,G,G,G,G,G,G,G,G,G,G,G,G,G,G,G,G,G,G,G,G,G,G,G,G,G,G,G,G,G,G,G,G,G,G,G,G,G,G,G,G,G,G,G,G,G,G,G,G,G,G,G,G,G,G,G,I,G,G,G,G,G,G,G,G,G,G,G,G,G,G,G,G,G,G,G,G,G,G,G,G,G,G,G,G,G,G,G,G,G,G,G,G,G,G,G,G,G,G,G,G,G,G,G,G,G,G,G,G,G,G,G,G,G,G,G
G,G,G,G,G,G,G,G,G,G,G,G,G,G,G,G,G,G,G,G,G,G,G,G,G,G,G,G,G,G,G,G,G,G,G,G,G,G,G,G,G,G,G,G,G,G,G,G,G,G,G,G,G,G,G,G,G,G,G,G,G,G,G,G,G,G,G,G,G,G,G,G,G,G,G,G,G,G,G,G,G,G,G,G,G,G,G,G,G,G,G,G,G,G,G,G,G,G,G,G,G,G,G,None,None,G,G,G,G,G,G,G,G,G,B,G,G,G,G,G,G,G,G,G,G,G,G,G,G,G,G,G,G,G,G,G,G,G,G,G,G,G,G,G,G,G,G,G,G,G,G,G,G,G,G,G,G,G,G,G,G,G,G,G,G,G,G,G,G,G,G,G,G,G,G,G,G,G,G,G,G,G,G,G,G,G,G,G,G,G,G,G,G,G,G,G,G,G,G,G,G,G,G,G,G,G,G,G,G,G,G,G,G,G,G,G,G,G,G,G,G,G,G,G,G,G,G,G,G,G,G,G,G,G,G,G,G,G,G,G,G,G,G,G,G,G,G,G,G,G,G,G,G,G,G,G,G,G,G,G,G,G,G,G,G,G,G,G,G,G,G,G,G,G,G,G,G,G,G,G,G,G,G,G,G,G,G,G,G,G,G,G,G,G,G,G,G,G,G,G,G,G,G,G,G,G,G,G,G,G,G,G,G,G,G,G,G,G,G,G,G,G,G,G,G,G,G,G,G,G,G,G,G,G,I,G,G,G,G,G,G,G,G,G,G,I,G,G,G,G,G,G,G,G,G,G,G,G,G,G,G,G,G,G,G
G,G,G,G,G,G,G,G,G,G,G,G,G,G,G,G,G,G,G,G,G,G,G,G,G,G,G,G,G,G,G,G,G,G,G,G,G,G,G,G,G,G,G,G,G,G,G,G,G,G,G,G,G,G,G,G,G,G,G,G,G,G,G,G,G,G,G,G,G,G,G,G,G,G,G,G,G,G,G,G,G,G,G,G,G,G,G,G,G,G,G,G,G,G,G,G,G,G,G,G,G,G,G,G,G,G,G,G,G,G,G,G,G,G,G,G,G,G,G,G,G,G,G,G,G,G,G,G,G,G,G,G,G,G,G,G,G,G,G,G,G,G,G,G,G,G,G,G,G,G,G,G,G,G,G,G,G,G,G,G,G,G,G,G,G,G,G,G,G,G,G,G,G,G,G,G,G,G,G,G,G,G,G,G,G,G,G,G,G,G,G,G,G,G,G,G,G,G,G,G,G,G,G,G,G,G,G,G,G,G,G,G,G,G,G,G,G,G,G,G,G,G,G,G,G,G,G,G,G,G,G,G,G,G,G,G,G,G,G,G,G,G,G,G,G,G,G,G,G,G,G,G,G,G,G,G,G,G,G,G,G,G,G,G,G,G,G,G,G,G,G,G,G,G,G,G,G,G,G,G,G,G,G,G,G,G,G,G,G,G,G,G,G,G,G,G,G,G,G,G,G,G,G,G,G,G,G,G,G,G,G,G,G,G,G,G,G,G,G,G,G,G,G,G,G,G,G,G,G,G,G,G,G,G,G,G,G,G,G,G,G,G,G,G,G,G,G,G,G,G,G,G,G,G,G,G,G,G,G,G,G,G,G,G,G
G,G,G,G,G,G,G,G,G,G,G,G,G,G,G,G,G,G,G,G,G,G,G,G,G,G,G,G,G,G,G,G,G,G,G,G,G,G,G,G,G,G,G,G,G,G,G,G,G,G,G,G,G,G,G,G,G,G,G,G,G,G,G,G,G,G,G,G,G,G,G,G,G,G,G,G,G,G,G,G,G,G,G,G,G,G,G,G,G,G,G,G,G,G,G,G,G,G,G,G,G,G,G,G,G,G,G,G,G,G,G,G,G,G,G,G,G,G,G,G,G,G,G,G,G,G,G,G,G,G,G,G,G,G,G,G,G,G,G,G,G,G,G,G,G,G,G,G,G,G,G,G,G,G,G,G,G,G,G,G,G,G,G,G,G,G,G,G,G,G,G,G,G,G,G,G,G,G,G,G,G,G,G,G,G,G,G,G,G,G,G,G,G,G,G,G,G,G,G,G,G,G,G,G,G,G,G,G,G,G,G,G,G,G,G,G,G,G,G,G,G,G,G,G,G,G,G,G,G,G,G,G,G,G,G,G,G,G,G,G,G,G,G,G,G,G,G,G,G,G,G,G,G,G,G,G,G,G,G,G,G,G,G,G,G,G,G,G,G,G,G,G,G,G,G,G,G,G,G,G,G,G,G,G,G,G,G,G,G,G,G,G,G,G,G,G,G,G,G,G,G,G,G,G,I,G,G,G,G,G,G,G,G,G,G,G,G,G,G,G,G,G,G,G,G,G,G,G,G,G,G,G,G,G,G,G,G,G,G,G,G,G,G,G,G,G,G,G,G,G,I,I,I,I,I,I,I,I,I,I,I,I,I,I,I
I,G,G,G,G,G,G,G,G,G,G,G,G,G,G,G,G,G,G,G,G,G,G,I,None,I,I,I,I,I,I,I,I,I,I,I,I,I,I,I,I,I,I,I,I,I,I,I,I,H,I,I,I,None,I,I,I,G,G,G,G,G,G,G,G,G,G,G,B,G,G,G,G,G,G,G,G,G,G,G,G,G,G,G,G,G,G,G,G,G,G,G,G,G,G,G,G,G,G,G,G,G,G,G,G,G,G,G,G,G,G,G,G,G,G,G,G,G,G,G,G,G,G,G,G,G,G,G,G,G,G,G,G,G,G,G,G,G,G,G,G,G,G,G,G,G,G,G,G,G,G,G,G,G,G,G,G,G,G,G,G,G,G,G,G,G,G,G,G,G,G,G,G,G,G,G,G,G,G,G,G,G,G,G,G,G,G,G,G,G,G,G,G,G,G,G,G,G,G,G,G,G,G,G,G,G,G,G,G,G,G,G,G,G,G,G,G,G,G,G,G,G,G,G,G,G,G,G,G,G,G,G,G,G,G,G,G,G,G,G,G,G,G,G,G,G,G,G,G,G,G,G,G,G,G,G,G,G,G,None,None,None,None,None,None,I,I,I,G,G,I,I,I,I,G,G,G,I,G,G,G,G,G,G,G,G,G,G,G,G,G,G,G,G,G,G,G,G,G,I,I,I,I,I,I,I,I,I,G,G,G,G,I,I,I,I,G,G,G,G,I,G,G,G,I,G,G,G,G,I,G,G,G,G,G,G,G,G,G,G,G,G,G,G,G,G,G,G,G,G,G,G,G,G,G,G,G,G,G,G,G,G,G,G,G
